COUNTRY,INDICATOR,2008-Q4,2009-Q1,2009-Q2,2009-Q3,2009-Q4,2010-Q1,2010-Q2,2010-Q3,2010-Q4,2011-Q1,2011-Q2,2011-Q3,2011-Q4,2012-Q1,2012-Q2,2012-Q3,2012-Q4,2013-Q1,2013-Q2,2013-Q3,2013-Q4,2014-Q1,2014-Q2,2014-Q3,2014-Q4,2015-Q1,2015-Q2,2015-Q3,2015-Q4,2016-Q1,2016-Q2,2016-Q3,2016-Q4,2017-Q1,2017-Q2,2017-Q3,2017-Q4,2018-Q1,2018-Q2,2018-Q3,2018-Q4,2019-Q1,2019-Q2,2019-Q3,2019-Q4,2020-Q1,2020-Q2,2020-Q3,2020-Q4,2021-Q1,2021-Q2,2021-Q3,2021-Q4,2022-Q1,2022-Q2,2022-Q3,2022-Q4,2023-Q1,2023-Q2,2023-Q3,2023-Q4,2024-Q1,2024-Q2,2024-Q3,2024-Q4
Thailand,"Direct investment, excluding exceptional financing",2.93E+09,2.48E+09,3.99E+09,-2.60E+08,2.01E+08,3.29E+09,3.84E+09,4.05E+09,3.57E+09,4.41E+09,2.16E+09,2.82E+09,-6.92E+09,2.79E+09,2.16E+09,4.53E+09,3.42E+09,3.35E+09,-9.86E+07,6.10E+09,6.59E+09,-3.98E+08,1.52E+09,1.91E+09,1.94E+09,1.65E+09,3.42E+09,7.63E+08,3.10E+09,3.51E+09,1.35E+09,-3.43E+09,2.05E+09,2.42E+09,1.76E+09,2.23E+09,1.88E+09,4.01E+09,2.60E+09,3.12E+09,4.02E+09,1.33E+09,1.88E+09,3.24E+09,-9.16E+08,3.26E+09,2.16E+08,1.52E+08,-7.92E+09,6.04E+09,1.88E+09,3.45E+09,4.02E+09,6.49E+09,1.04E+09,2.10E+09,2.22E+09,3.95E+09,9.65E+08,1.49E+09,1.16E+08,2.51E+09,9.36E+08,2.05E+09,4.61E+09
Dominican Republic,"Direct investment, excluding exceptional financing",,,,,,,,,,6.24E+08,3.27E+08,8.20E+08,4.28E+08,7.60E+08,1.67E+09,8.14E+08,1.77E+08,6.13E+08,4.70E+08,5.70E+08,-5.27E+07,4.56E+08,8.07E+08,5.21E+08,6.01E+08,5.19E+08,7.57E+08,4.84E+08,4.68E+08,6.36E+07,9.12E+08,7.79E+08,7.62E+08,7.40E+08,6.87E+08,4.53E+08,1.72E+09,6.88E+08,6.83E+08,5.01E+08,8.73E+08,8.06E+08,4.77E+08,1.02E+09,5.22E+08,8.82E+08,3.15E+08,4.97E+08,7.66E+08,9.69E+08,9.44E+08,6.12E+08,8.25E+08,1.10E+09,1.07E+09,9.68E+08,9.16E+08,1.45E+09,1.17E+09,1.23E+09,8.97E+08,1.32E+09,1.30E+09,1.08E+09,7.77E+08
Uruguay,"Direct investment, excluding exceptional financing",4.42E+08,3.89E+08,3.83E+08,4.44E+08,3.86E+08,5.55E+08,5.96E+08,4.97E+08,5.43E+08,7.38E+08,7.67E+08,6.60E+08,5.24E+08,1.48E+09,2.27E+09,1.60E+09,1.05E+09,4.65E+08,-3.23E+08,-3768048.318,8.49E+08,1.06E+09,1.10E+09,1.19E+09,7.41E+08,2.71E+08,1.24E+09,7.71E+08,3.88E+08,-2.69E+08,-3.06E+08,-5.20E+07,1.11E+08,5.88E+08,9.35E+08,6.54E+08,5.10E+08,2.83E+08,4.85E+08,5.36E+08,4.23E+08,1.06E+08,4.15E+08,4.47E+08,4.98E+08,-1.76E+09,2.14E+09,1.07E+09,-4.85E+08,1.61E+09,1.12E+09,1.73E+09,7.01E+08,1.99E+09,2.74E+09,1.47E+09,2.61E+09,2.49E+09,1.81E+09,-4.26E+08,-9.24E+09,-1.51E+09,-7.59E+08,1.37E+08,-3.21E+08
"Congo, Democratic Republic of the","Direct investment, excluding exceptional financing",,,,,,,,,,,,,,,,,,,,,,,,,,,,,,,,,,,,,,2.85E+08,5.01E+08,3.35E+08,2.86E+08,4.91E+08,3.34E+08,2.39E+08,2.87E+08,3.62E+08,2.62E+08,5.07E+08,3.68E+08,4.51E+08,3.88E+08,4.49E+08,3.89E+08,,,,,-8.24E+07,5.55E+08,3.13E+08,1.59E+09,7.61E+08,6.55E+08,7.42E+08,7.58E+08
Qatar,"Direct investment, excluding exceptional financing",,,,,,,,,,2.43E+08,1.03E+09,-6.70E+07,-2.65E+08,-5.22E+07,-1.10E+08,1.04E+09,-4.79E+08,4.09E+08,-4.73E+08,-3.87E+08,-3.91E+08,3.51E+08,2.32E+08,2.60E+08,1.97E+08,2.81E+08,2.60E+08,3.47E+08,1.83E+08,3.19E+07,1.40E+08,3.44E+08,2.58E+08,3.62E+08,2.04E+08,2.24E+08,1.96E+08,-1.43E+09,2.88E+08,-1.13E+09,8.21E+07,-1.92E+09,3.12E+08,-1.83E+08,-1.02E+09,-2.08E+09,-1.99E+08,-6.89E+08,5.35E+08,-3.04E+08,-9.07E+07,8241758.242,-7.07E+08,-1.23E+09,2.23E+08,6.98E+07,1.01E+09,-1.97E+08,-3.70E+08,6.40E+07,2.91E+07,-1.77E+08,-1.76E+07,2.19E+08,4.36E+08
Costa Rica,"Direct investment, excluding exceptional financing",4.90E+08,6.44E+08,1.84E+08,2.43E+08,5.44E+08,5.27E+08,4.96E+08,3.80E+08,5.03E+08,7.72E+08,7.57E+08,4.58E+08,7.46E+08,7.02E+08,7.10E+08,6.15E+08,6.68E+08,1.03E+09,5.42E+08,5.65E+08,1.07E+09,9.28E+08,5.12E+08,8.16E+08,9.87E+08,7.24E+08,7.66E+08,7.33E+08,7.33E+08,6.43E+08,7.75E+08,4.88E+08,7.15E+08,7.74E+08,8.67E+08,6.81E+08,6.03E+08,5.23E+08,5.22E+08,7.87E+08,1.18E+09,6.61E+08,4.68E+08,5.84E+08,1.01E+09,6.70E+08,2.38E+08,4.62E+08,7.33E+08,8.60E+08,8.39E+08,1.21E+09,6.81E+08,1.16E+09,7.60E+08,6.96E+08,1.06E+09,9.47E+08,1.32E+09,9.61E+08,1.46E+09,1.37E+09,1.31E+09,1.16E+09,1.44E+09
West Bank and Gaza,"Direct investment, excluding exceptional financing",,,,,,,,,,,,,,2.50E+07,1.69E+07,4177456.613,1.69E+07,7.08E+07,4364246.1,3.89E+07,7.55E+07,4.78E+07,1.19E+07,4.87E+07,5.13E+07,-2.37E+07,-7030692.566,8.89E+07,4.67E+07,1.28E+08,-4332563.881,1.32E+08,3.98E+07,4.26E+07,1.18E+07,7.23E+07,5.72E+07,4.64E+07,5.82E+07,5.39E+07,5.22E+07,6.95E+07,5.41E+07,-3.67E+07,4.50E+07,1.15E+07,7.05E+07,5.59E+07,-5.82E+07,3.51E+07,1.15E+08,-6588227.023,2.10E+08,9.93E+07,6.36E+07,2.25E+07,1.25E+08,2.71E+08,-1.97E+08,-1.78E+07,4.71E+07,-1.12E+07,8.83E+07,8.65E+07,-1452097.751
Albania,"Direct investment, excluding exceptional financing",3.94E+08,1.67E+08,4.60E+08,4.33E+08,2.85E+08,2.09E+08,2.24E+08,3.27E+08,3.30E+08,2.01E+08,2.69E+08,2.40E+08,3.38E+08,2.45E+08,2.42E+08,1.67E+08,2.64E+08,1.65E+08,3.73E+08,3.95E+08,3.21E+08,3.04E+08,1.99E+08,3.40E+08,3.07E+08,2.97E+08,2.32E+08,2.83E+08,1.78E+08,1.75E+08,2.82E+08,3.32E+08,2.55E+08,1.96E+08,2.22E+08,3.44E+08,2.60E+08,3.42E+08,2.47E+08,3.12E+08,3.02E+08,3.38E+08,2.78E+08,2.83E+08,3.01E+08,2.52E+08,2.54E+08,2.84E+08,2.79E+08,2.82E+08,2.84E+08,3.07E+08,3.46E+08,3.40E+08,3.59E+08,3.47E+08,3.96E+08,3.35E+08,4.15E+08,4.47E+08,4.24E+08,3.85E+08,4.26E+08,4.52E+08,4.52E+08
Philippines,"Direct investment, excluding exceptional financing",-5.57E+07,3.46E+08,1.09E+09,3.99E+08,2.27E+08,5.55E+08,9.04E+07,-1.65E+08,5.90E+08,5.54E+08,7.89E+08,2.02E+08,4.62E+08,1.43E+09,9.16E+08,3.33E+08,5.34E+08,1.92E+09,3.09E+07,1.18E+09,6.00E+08,1.36E+09,1.57E+09,1.44E+09,1.37E+09,8.76E+08,1.11E+09,2.52E+09,1.14E+09,1.42E+09,2.95E+09,1.69E+09,2.23E+09,1.56E+09,2.54E+09,2.46E+09,3.70E+09,2.21E+09,3.67E+09,2.30E+09,1.77E+09,2.00E+09,2.06E+09,1.81E+09,2.80E+09,1.64E+09,1.43E+09,2.04E+09,1.71E+09,2.37E+09,1.96E+09,2.92E+09,4.73E+09,2.61E+09,2.19E+09,2.15E+09,2.54E+09,1.91E+09,2.04E+09,2.46E+09,2.52E+09,2.99E+09,1.53E+09,2.28E+09,2.13E+09
Brunei Darussalam,"Direct investment, excluding exceptional financing",1815817.791,1.06E+08,7.14E+07,6.14E+07,8.72E+07,,,,,,,,,,,,,,,,,9.77E+07,4.55E+08,4.56E+07,-2.47E+07,2.64E+07,7477765.153,6.97E+07,6.77E+07,3.08E+07,-3.05E+07,-7.14E+07,-7.95E+07,1.05E+08,-1.47E+08,8.27E+07,4.26E+08,3.34E+08,-2.96E+08,7.65E+08,-2.86E+08,2.40E+07,9.15E+07,1.92E+08,6.59E+07,4.77E+08,1.58E+08,2.46E+08,-3.16E+08,5.21E+07,2.00E+08,-2.44E+08,1.98E+08,-8.93E+07,1.23E+08,-2.44E+08,-7.99E+07,-1.76E+08,-3.14E+08,6.25E+07,3.72E+08,-1.97E+08,9781090.505,2.24E+08,-7518819.701
India,"Direct investment, excluding exceptional financing",6.87E+09,8.60E+09,8.90E+09,1.08E+10,7.26E+09,6.13E+09,7.04E+09,7.80E+09,6.43E+09,7.76E+09,1.24E+10,9.48E+09,6.87E+09,4.21E+09,5.92E+09,9.52E+09,4.34E+09,7.17E+09,6.48E+09,8.73E+09,5.78E+09,9.78E+09,8.29E+09,8.83E+09,7.67E+09,1.05E+10,1.14E+10,8.16E+09,1.39E+10,1.14E+10,5.90E+09,1.40E+10,1.32E+10,9.14E+09,1.01E+10,1.47E+10,5.99E+09,8.61E+09,1.31E+10,1.00E+10,1.04E+10,9.79E+09,1.72E+10,1.04E+10,1.32E+10,1.52E+10,2.11E+09,2.71E+10,2.00E+10,5.75E+09,1.72E+10,1.29E+10,8.84E+09,1.73E+10,1.63E+10,9.10E+09,7.33E+09,9.32E+09,7.36E+09,3.04E+09,8.37E+09,8.06E+09,1.06E+10,4.97E+09,3.50E+09
Germany,"Direct investment, excluding exceptional financing",1.43E+09,1.40E+10,4.94E+09,3.09E+09,3.47E+10,1.21E+10,7.78E+09,2.89E+10,3.73E+10,1.02E+10,3.08E+10,2.90E+10,2.76E+10,1.86E+10,9.84E+09,-6.55E+08,3.76E+10,4.68E+09,1.98E+10,1.37E+10,2.90E+10,6.40E+09,1.25E+10,1.00E+10,-1.15E+10,2.16E+10,1.69E+10,1.62E+10,7.76E+09,2.11E+10,2.32E+10,1.55E+10,-1.68E+09,3.71E+10,2.00E+10,3.02E+10,2.15E+10,3.26E+10,2.48E+10,2.70E+10,7.79E+10,2.30E+10,3.19E+10,2.73E+10,-6.79E+09,4.83E+10,3.53E+09,4.17E+10,8.33E+10,3.70E+10,3.04E+10,3.99E+10,2.02E+10,4.47E+10,1.40E+10,3.84E+10,-9.84E+09,-1.65E+09,2.72E+10,5.79E+09,4.61E+10,1.56E+10,2.66E+10,2.68E+10,-2.14E+10
Switzerland,"Direct investment, excluding exceptional financing",-1.14E+09,1.28E+10,1.37E+10,1.30E+10,8.05E+09,2.90E+09,3.33E+09,6.17E+09,5.27E+09,1.73E+10,6.96E+07,-9.08E+08,4.32E+09,2.31E+10,1.16E+10,6.48E+08,4.59E+09,-6.39E+09,8.32E+08,-1.01E+10,-9.30E+09,1.24E+10,1.73E+10,-6.30E+09,-2.41E+09,3.04E+10,2.77E+10,-9.94E+08,6.16E+10,6.05E+10,3.04E+10,4.33E+10,3.27E+10,3.69E+10,7.51E+10,-2.07E+10,5.20E+10,-2.87E+10,-4.61E+10,-2.99E+10,-5.57E+10,-4.29E+09,-7.52E+09,2.73E+09,2.94E+10,-4.79E+10,-1.53E+11,-4.83E+09,-3.60E+10,1.61E+10,-2.71E+10,-5.71E+10,-5.52E+10,3.26E+10,1.49E+09,2.75E+09,-5.30E+10,1.97E+10,-2.70E+10,-2.45E+10,-5.71E+10,-1.77E+10,-5.23E+10,-3.96E+09,-3.81E+10
"Timor-Leste, Democratic Republic of","Direct investment, excluding exceptional financing",,1.88E+07,-2797801.41,2.13E+07,1.07E+07,-8758532.2,8183955.77,3058416.64,2.78E+07,1.47E+07,1.53E+07,9071562.51,9981032.42,4463795.18,1.07E+07,1.46E+07,1.06E+07,1.08E+07,1.73E+07,1.08E+07,1.70E+07,-3065109.45,1.35E+07,1.35E+07,9966570.117,1.56E+07,1.33E+07,6861800,7221100,1.09E+07,-863200,-1172400,-3369700,7919780.855,476913.2205,-4614685.92,2933929.312,2.29E+07,4915782.48,2694341.159,1.74E+07,2.81E+07,2.46E+07,-1.89E+07,-1.92E+08,-1.95E+08,-6.04E+07,-1.73E+08,-2.26E+08,-1.97E+08,-1.58E+08,-9.48E+07,8.42E+07,-1.80E+08,-1.48E+08,-6.14E+07,1.19E+08,-4385728.725,-9418332.476,2.08E+07,5.65E+07,5.72E+07,4.73E+07,6.43E+07,6.34E+07
Japan,"Direct investment, excluding exceptional financing",6.68E+09,3.59E+09,2.14E+09,5.22E+09,1.27E+09,3.43E+09,1.40E+09,2.51E+09,9.97E+07,-1.91E+09,1.42E+09,-4.72E+08,1.13E+08,3.00E+08,-4.47E+09,2.93E+09,1.78E+09,9.82E+08,3.20E+09,3.86E+09,2.61E+09,6.82E+09,5.02E+09,4.44E+09,3.46E+09,3.38E+09,5.10E+08,-3.68E+09,5.05E+09,1.18E+10,1.48E+10,5.73E+09,8.61E+09,4.43E+09,5.64E+09,9.29E+08,7.80E+09,3.61E+09,8.56E+09,7.56E+09,5.55E+09,1.54E+10,6.82E+09,5.89E+09,1.18E+10,4.06E+08,4.66E+10,9.31E+09,6.22E+09,1.74E+10,-1.27E+09,1.03E+10,8.62E+09,1.59E+10,6.31E+09,1.18E+10,1.42E+10,3.01E+09,-8.74E+08,9.54E+09,8.50E+09,-3.87E+09,9.14E+09,4.12E+09,7.79E+09
Luxembourg,"Direct investment, excluding exceptional financing",4.41E+10,4.11E+10,7.13E+10,3.65E+10,6.47E+10,3.75E+10,4.40E+10,1.56E+10,1.34E+11,5.00E+10,4.79E+10,1.08E+11,2.00E+11,1.50E+11,9.10E+10,1.78E+11,1.32E+11,9.46E+10,1.83E+11,1.06E+11,2.54E+11,4.31E+10,-2.95E+10,1.27E+11,4.61E+10,3.19E+11,1.07E+11,1.91E+11,4.57E+10,6.54E+10,4.78E+10,2.30E+10,-7.71E+10,1.46E+10,2.12E+11,-2.31E+11,-3.15E+10,-8.27E+10,-7.53E+10,-8.66E+10,-3.38E+11,3.66E+10,-8.30E+10,-1.03E+11,-2.35E+11,-9.25E+10,3.88E+09,-7.29E+10,9.86E+10,1.52E+10,-4.67E+10,-2.49E+10,-1.20E+10,1.02E+09,2.31E+10,1.21E+10,-3.09E+11,1.23E+09,-8.08E+10,1.38E+09,-1.81E+11,6.36E+10,-1.72E+10,-2.13E+10,1.26E+11
Bosnia and Herzegovina,"Direct investment, excluding exceptional financing",3.90E+08,1.69E+08,-1.21E+07,-4.63E+07,2.76E+07,1.84E+08,4.14E+07,1.22E+08,9.61E+07,9.46E+07,6.47E+07,1.66E+08,1.47E+08,6.51E+07,1.11E+08,8.95E+07,1.27E+08,2.25E+08,1.22E+08,1419180.602,-3.51E+07,1.85E+08,1.51E+08,9.12E+07,1.18E+08,9.15E+07,1.43E+08,8.32E+07,6.50E+07,1.06E+08,3.43E+07,9.56E+07,7.73E+07,1.87E+08,9.01E+07,1.45E+08,8.69E+07,2.02E+08,1.16E+08,1.82E+08,1.02E+08,1.60E+08,2.49E+08,3.96E+07,-537386.4554,1.58E+08,1.37E+08,1.19E+08,6.97E+07,2.82E+08,3.26E+08,2.25E+08,-6.59E+07,2.41E+08,2.41E+08,2.04E+08,1.65E+08,2.74E+08,3.30E+08,2.25E+08,2.06E+08,3.29E+08,2.17E+08,2.89E+08,2.92E+08
Ghana,"Direct investment, excluding exceptional financing",,,,,,,,,,7.83E+08,9.67E+08,1.06E+09,4.40E+08,8.98E+08,7.97E+08,1.25E+09,3.50E+08,5.50E+08,9.05E+08,9.00E+08,8.72E+08,9.90E+08,8.31E+08,6.21E+08,9.21E+08,6.73E+08,8.21E+08,8.45E+08,8.54E+08,7.97E+08,8.37E+08,8.84E+08,9.67E+08,5.59E+08,9.00E+08,9.03E+08,8.93E+08,3.62E+08,9.87E+08,1.14E+09,5.00E+08,8.14E+08,1.13E+09,1.10E+09,8.38E+08,5.37E+08,4.53E+08,5.40E+08,3.47E+08,4.25E+08,6.12E+08,9.66E+08,5.30E+08,4.14E+08,3.56E+08,3.34E+08,3.24E+08,2.67E+08,3.31E+08,3.23E+08,3.98E+08,3.82E+08,4.20E+08,4.69E+08,4.94E+08
Iraq,"Direct investment, excluding exceptional financing",,,,,,,,,,,,,,,,,,3.12E+08,-7.92E+08,-4.05E+08,-1.45E+09,-1.83E+09,-3.15E+09,-2.99E+09,-2.20E+09,-1.47E+09,-2.41E+09,-2.11E+09,-1.59E+09,-1.29E+09,-1.67E+09,-1.67E+09,-1.63E+09,-1.34E+09,-1.29E+09,-1.36E+09,-1.04E+09,-1.64E+09,-5.94E+08,-1.43E+09,-1.21E+09,-7.52E+08,-6.53E+08,-8.25E+08,-8.46E+08,-1.07E+09,-5.34E+08,-7.36E+08,-5.16E+08,-1.01E+09,-5.48E+08,-3.14E+08,-7.66E+08,-3.57E+08,-5.53E+08,-7.41E+08,-4.38E+08,-1.05E+09,-1.07E+09,-1.47E+09,-1.78E+09,,,,
Myanmar,"Direct investment, excluding exceptional financing",1.40E+08,3.30E+08,2.75E+08,3.02E+08,1.72E+08,2.03E+08,2.12E+08,2.31E+08,2.55E+08,9.63E+08,5.41E+08,5.07E+08,5.08E+08,4.78E+08,2.84E+08,2.79E+08,2.92E+08,2.92E+08,6.51E+08,6.49E+08,6.63E+08,6.56E+08,2.52E+08,7.07E+08,5.60E+08,1.39E+09,9.75E+08,1.10E+09,6.24E+08,7.41E+08,7.01E+08,1.04E+09,7.92E+08,9.48E+08,8.89E+08,9.82E+08,1.99E+09,3.88E+08,4.68E+08,4.57E+08,4.54E+08,2.57E+08,5.14E+08,4.54E+08,5.10E+08,4.09E+08,4.30E+08,4.09E+08,,,,,,,,,,,,,,,,,
"São Tomé and Príncipe, Democratic Republic of","Direct investment, excluding exceptional financing",,,,,,,,,,6400000,5850000,1.62E+07,3660000,4094305.405,5070729.054,6141458.108,7165034.459,1174351.642,6053535.539,3658643.183,1275814.459,4283340.385,1.36E+07,3272843.45,5295174.966,1.71E+07,4846264.527,1567359.634,4396914.974,5680121.873,6160678.752,4922629.312,6567657.184,9963132.479,9112862.815,1.23E+07,2791781.468,4908986.589,4648707.968,8963111.268,5177515.661,5287580.914,6587939.725,4953968.814,7362310.061,2.11E+07,3394487.103,4632657.998,1.80E+07,7985428.047,2.20E+07,1.13E+07,1.77E+07,5524632.417,7.23E+07,4.59E+07,2939752.468,5367510.931,3477040.973,,,,,,
"North Macedonia, Republic of","Direct investment, excluding exceptional financing",1.15E+08,5.26E+07,1.39E+08,4.60E+07,2.17E+07,5.63E+07,6.51E+07,8.23E+07,9.78E+07,2.75E+08,9268890.81,5.77E+07,1.66E+08,1.34E+08,1.21E+07,5.33E+07,1.38E+08,1.44E+08,5655574.247,1.19E+08,1.33E+08,1.53E+08,-1.13E+07,1.91E+07,-1.00E+08,1.49E+08,1.09E+08,2.99E+07,8642502.158,2.76E+08,1.01E+08,7.88E+07,9.39E+07,2.27E+08,4.94E+07,-1.69E+07,1.21E+08,3.57E+08,1.50E+08,4.96E+07,9.19E+07,2.67E+08,1.54E+08,1.58E+08,-2.88E+07,2.62E+08,-2.02E+07,4.32E+07,-2.77E+08,3.80E+08,2.58E+08,1.56E+08,-9.73E+07,5.59E+08,1.48E+08,3.52E+08,-2.04E+08,3.70E+08,2.71E+08,2.26E+08,-2.26E+08,5.39E+08,2.54E+08,3.24E+08,5.52E+07
South Africa,"Direct investment, excluding exceptional financing",2.48E+08,8.19E+08,3.73E+09,2.01E+09,1.06E+09,5.54E+08,3.50E+08,1.32E+09,1.47E+09,6.20E+08,2.25E+09,-9.41E+08,2.21E+09,1.31E+09,6.97E+08,2.73E+09,-1.13E+08,1.25E+09,1.84E+09,4.70E+09,4.43E+08,6.94E+08,2.61E+09,7.70E+08,1.72E+09,-1.18E+09,4.57E+08,1.24E+09,1.01E+09,6.61E+08,5.92E+08,8.15E+08,1.47E+08,1.15E+09,5.71E+08,1.35E+09,-1.01E+09,7.80E+08,3.20E+09,1.81E+09,-2.22E+08,7.88E+08,1.94E+09,1.23E+09,1.15E+09,1.80E+09,1.09E+09,-7.19E+08,9.77E+08,4.36E+08,1.22E+09,3.85E+10,5.34E+08,2.71E+09,1.93E+09,9.33E+08,3.67E+09,1.35E+08,2.84E+09,3.37E+08,5.51E+08,1.30E+09,7.81E+08,-1.72E+08,4.17E+08
Sri Lanka,"Direct investment, excluding exceptional financing",1.88E+08,1.01E+08,1.01E+08,1.01E+08,1.01E+08,8.92E+07,8.92E+07,9.91E+07,2.00E+08,1.97E+08,1.97E+08,1.97E+08,3.65E+08,2.50E+08,2.07E+08,2.01E+08,2.83E+08,1.70E+08,1.82E+08,1.94E+08,3.86E+08,1.71E+08,7.83E+07,2.56E+08,3.88E+08,1.13E+08,1.55E+08,9.36E+07,3.18E+08,8.19E+07,9.16E+07,8.83E+07,6.35E+08,1.22E+08,2.43E+08,4.65E+07,9.61E+08,2.31E+08,9.09E+08,1.19E+08,3.56E+08,1.59E+08,2.16E+08,1.34E+08,2.34E+08,1.18E+08,1.25E+08,1.03E+08,8.90E+07,1.30E+08,1.32E+08,1.60E+08,1.70E+08,8.58E+07,1.53E+08,3.42E+08,3.04E+08,1.76E+08,1.20E+08,1.65E+08,2.51E+08,,,,
Ukraine,"Direct investment, excluding exceptional financing",1.08E+09,9.05E+08,1.29E+09,1.23E+09,1.34E+09,1.51E+09,1.24E+09,1.48E+09,2.21E+09,8.76E+08,2.42E+09,2.12E+09,1.79E+09,2.30E+09,1.95E+09,2.05E+09,1.88E+09,1.14E+09,5.83E+08,1.63E+09,1.15E+09,-4.70E+08,-7.80E+07,7.66E+08,6.29E+08,-3.25E+09,3.10E+09,1.20E+09,-1.25E+09,4.90E+08,2.19E+09,1.19E+09,2.63E+08,9.65E+08,1.18E+09,6.31E+08,9.02E+08,1.84E+09,1.06E+09,2.60E+07,2.05E+09,8.09E+08,1.55E+09,2.11E+09,1.33E+09,-1.52E+09,1.30E+09,1.70E+08,3.54E+08,1.72E+09,1.55E+09,2.67E+09,2.01E+09,-6.11E+08,4.18E+08,2.32E+08,1.82E+08,1.31E+09,1.28E+09,1.63E+09,3.51E+08,2.05E+09,1.16E+09,3.53E+08,4.55E+08
Zimbabwe,"Direct investment, excluding exceptional financing",,,,,,,,,,,,,,,,,,,,,,,,,,,,,,,,,,4.93E+07,9.26E+07,7.07E+07,9.46E+07,8.11E+07,1.39E+08,3.96E+08,1.02E+08,4.85E+07,7.25E+07,6.40E+07,6.45E+07,3.03E+07,4.20E+07,4.20E+07,3.61E+07,,,,,,,,,,,,,,,,
"Bahrain, Kingdom of","Direct investment, excluding exceptional financing",,,,,,,,,,2.33E+09,-6.49E+08,-1.14E+08,-7.85E+08,,,,,,,,,,,,,,,,,,,,,,,,,,,,,,,,,,,,,,,,,,,,,,,,,2.34E+08,7.48E+08,-2.88E+08,2.01E+09
"Moldova, Republic of","Direct investment, excluding exceptional financing",1.52E+08,1.02E+08,1.17E+07,5.26E+07,9.80E+07,5.32E+07,2.82E+07,8.97E+07,1.26E+08,6.92E+07,3.73E+07,9.40E+07,1.72E+08,6.98E+07,1.47E+07,1.22E+07,1.55E+08,7.67E+07,4.26E+07,8.60E+07,3.65E+07,1.39E+08,-5710000,9.54E+07,1.18E+08,1.37E+08,6.98E+07,-1.13E+07,3.06E+07,3.01E+07,-9400000,7.03E+07,-3540000,4.00E+07,3.65E+07,7.56E+07,-2560000,9.58E+07,2.68E+07,7.79E+07,1.09E+08,1.22E+08,2.78E+08,7.84E+07,4.28E+07,3.23E+07,-1.93E+07,2.89E+07,1.14E+08,5.92E+07,9.28E+07,9.55E+07,1.39E+08,1.94E+08,1.24E+08,1.95E+08,7.32E+07,1.34E+08,6.43E+07,1.09E+08,4.98E+07,4.66E+07,5.68E+07,1.56E+08,7.39E+07
"Armenia, Republic of","Direct investment, excluding exceptional financing",4.26E+08,6.39E+07,1.52E+08,1.53E+08,3.91E+08,1.23E+08,9.11E+07,1.58E+08,1.58E+08,1.54E+08,2.62E+08,1.39E+08,9.86E+07,1.05E+08,7.98E+07,1.38E+08,1.73E+08,4.17E+07,7.44E+07,8.69E+07,1.43E+08,2.25E+08,9.31E+07,1.56E+08,-6.76E+07,7.61E+07,3.72E+07,7.95E+07,-8616090.766,3.71E+07,5.07E+07,1.16E+08,1.30E+08,6.81E+07,2.93E+07,5.22E+07,1.03E+08,9.66E+07,1.68E+07,8.16E+07,7.18E+07,4.67E+07,6.54E+07,9.75E+07,-1.09E+08,3.97E+07,4.85E+07,-3.79E+07,8383464.511,8.95E+07,3.21E+07,1.21E+08,1.24E+08,3.56E+08,2.19E+08,1.44E+08,2.57E+08,1.44E+08,1.89E+08,2.73E+08,-2.55E+07,2.97E+07,7.07E+07,1.75E+08,-1.43E+08
Israel,"Direct investment, excluding exceptional financing",1.81E+09,1.36E+09,3.35E+08,1.76E+09,1.16E+09,1.98E+09,-2.58E+08,1.92E+09,3.34E+09,2.03E+09,1.15E+09,2.15E+09,3.33E+09,2.41E+09,2.38E+09,2.44E+09,1.80E+09,2.86E+09,5.05E+09,2.34E+09,1.60E+09,4.02E+09,1.64E+09,1.52E+09,-1.13E+09,4.88E+09,3.19E+09,2.26E+09,1.02E+09,2.72E+09,1.85E+09,2.75E+09,4.67E+09,1.98E+09,1.74E+09,2.73E+09,1.05E+10,3.36E+09,2.71E+09,4.04E+09,1.14E+10,2.91E+09,3.21E+09,4.42E+09,6.83E+09,4.14E+09,1.00E+10,3.25E+09,3.56E+09,6.66E+09,7.25E+09,5.31E+09,-2.80E+08,3.19E+09,6.05E+09,5.33E+09,8.32E+09,3.36E+09,4.50E+09,5.60E+09,2.68E+09,1.96E+09,6.30E+09,5.01E+09,3.53E+09
Suriname,"Direct investment, excluding exceptional financing",-2.02E+07,5100000,-9000000,-4.94E+07,-4.01E+07,-6.42E+07,-5.87E+07,-6.27E+07,-7.01E+07,-3.23E+07,5.96E+07,6.02E+07,5.78E+07,1.37E+07,4.13E+07,2.83E+07,8.61E+07,4.50E+07,2.86E+07,7.72E+07,3.59E+07,1.86E+07,-1582470.296,-2.19E+08,1.43E+08,1.12E+08,9070783.451,2.49E+07,3.82E+07,3.59E+07,5.13E+07,6.10E+07,8.35E+07,6.70E+07,-3.63E+07,3.95E+07,2.59E+07,8.08E+07,2.94E+07,-8532587.526,2.93E+07,6.53E+07,-3.53E+07,2.10E+07,3.31E+07,-2.34E+07,8719352.367,-2.24E+07,3.82E+07,-1.54E+08,2.32E+07,-4.70E+07,4.46E+07,-5.93E+07,3.08E+07,-3.20E+07,5.12E+07,6556527.445,1.86E+07,-8.48E+07,2274858.29,2.02E+07,899300.5073,-1.88E+07,-4.44E+07
"Curaçao, Kingdom of the Netherlands","Direct investment, excluding exceptional financing",,,,,,,,,-1118994.413,1.66E+07,2.14E+07,2.03E+07,1.21E+07,2.57E+07,1.14E+07,1.89E+07,1.36E+07,-2.70E+07,5938547.486,2.26E+07,-3061452.514,3.40E+07,4.06E+07,6.27E+07,-6.79E+07,2.88E+07,3.66E+07,6.59E+07,1.51E+07,1.07E+07,2.54E+07,6.15E+07,3.55E+07,6.80E+07,3.74E+07,1.14E+07,5.60E+07,1.32E+07,-3210535.503,8.43E+07,3.27E+07,1.66E+08,6445751.749,1.23E+07,1.82E+07,3.21E+07,5678423.408,8.52E+07,3.28E+07,9498259.615,6.53E+07,6.75E+07,2.86E+07,2.99E+07,4.45E+07,4.74E+07,5.38E+07,5.26E+07,2.47E+07,3.14E+07,2.79E+07,,,,
Papua New Guinea,"Direct investment, excluding exceptional financing",5952441.519,3.46E+08,3.44E+07,5518019.399,3.40E+07,6963620.205,1.63E+07,6641145.751,5684545.615,5788298.347,9818211.82,1.24E+07,8373575.056,7146355.165,7259996.694,7218941.868,7171413.788,7085810.743,6944551.613,6573181.42,6200482.26,7351402.548,6646667.034,7857879.594,7581014.73,6536792.259,1.33E+07,5144291.092,5095651.032,4934264.63,2988895.022,-5.16E+07,4516512.098,1.32E+07,-1.18E+08,8.36E+07,-1.58E+08,6.96E+07,1.60E+08,-7365934.76,8.48E+07,3.53E+07,2.42E+08,-2.38E+07,8.16E+07,1.60E+08,-1.15E+08,3.64E+07,3.15E+07,1.94E+08,-2.00E+08,2.21E+08,-2.51E+08,5.27E+08,-8.03E+07,3.71E+08,3.75E+08,9.15E+07,-1.93E+08,4.86E+07,9.64E+07,1.52E+08,-3.69E+08,3.09E+08,-2.90E+08
Romania,"Direct investment, excluding exceptional financing",2.65E+09,1.86E+09,1.63E+09,6.65E+08,4.78E+08,2.60E+08,1.19E+09,1.81E+09,-3.90E+07,1.72E+08,6.50E+08,3.93E+08,1.15E+09,5.05E+08,4.86E+08,1.14E+09,9.16E+08,6.50E+08,7.91E+08,1.09E+09,1.33E+09,9.57E+08,7.77E+08,9.70E+08,1.16E+09,1.25E+09,1.29E+09,1.07E+09,7.13E+08,1.21E+09,1.55E+09,1.64E+09,1.85E+09,1.49E+09,5.16E+08,2.00E+09,1.94E+09,2.56E+09,4.14E+08,3.16E+09,1.21E+09,2.38E+09,1.06E+09,2.28E+09,1.64E+09,-7.02E+08,6.72E+08,2.17E+09,1.46E+09,3.29E+09,1.79E+09,3.89E+09,2.79E+09,3.97E+09,1.34E+09,4.82E+09,1.35E+09,3.53E+09,-6.84E+07,2.91E+09,2.33E+09,3.65E+09,2.83E+08,2.39E+09,1.03E+09
"Sint Maarten, Kingdom of the Netherlands","Direct investment, excluding exceptional financing",,,,,,,,,8184357.542,5128491.62,4240223.464,4636871.508,-6.25E+07,4966480.447,4150837.989,1.09E+07,-6491620.112,1.33E+07,2.89E+07,1.51E+07,-1.00E+07,2.57E+07,5016759.777,1.97E+07,-2720670.391,-4167597.765,7089385.475,1.00E+07,1.48E+07,1.96E+07,6731843.575,2.15E+07,-6262569.832,1.83E+07,1.14E+07,2.79E+07,6686279.637,4357372.497,6602655.089,1.05E+07,-6.94E+07,1.39E+07,1.15E+07,2.78E+07,2.07E+07,9287198.19,-2325005.927,765488.8939,1.44E+07,7876372.838,5247037.654,8289716.62,5401992.497,-1308870.899,2576665.799,8143377.112,7670246.564,-1.72E+07,2.09E+07,2.54E+07,1.62E+07,,,,
Liberia,"Direct investment, excluding exceptional financing",,,,,,5.16E+08,5.18E+08,5.15E+08,5.16E+08,5.22E+08,5.09E+08,5.16E+08,5.39E+08,4.72E+08,5.36E+08,6.09E+08,6.92E+08,4.09E+08,4.60E+08,5.18E+08,6.11E+08,1.26E+08,1.38E+08,1.22E+08,1.15E+08,4.30E+07,6.08E+07,6.07E+07,6.82E+07,4.70E+07,8.38E+07,8.87E+07,9.22E+07,6.77E+07,7.79E+07,5.84E+07,4.38E+07,4.76E+07,2.93E+07,1.67E+07,3.55E+07,1.93E+07,2.24E+07,2.95E+07,1.54E+07,1.51E+08,2.08E+08,1.54E+08,2.26E+08,9.77E+07,1.68E+08,1.16E+08,1.54E+08,1.98E+08,1.79E+08,1.45E+08,4.39E+08,,,,,,,,
"Venezuela, República Bolivariana de","Direct investment, excluding exceptional financing",1.18E+09,7.63E+08,-1.59E+09,-9.46E+08,6.39E+08,1.89E+09,2.19E+08,-8.40E+08,3.17E+08,1.05E+09,1.81E+09,1.35E+09,1.64E+09,1.49E+09,1.78E+09,-1.78E+08,1.90E+09,1.03E+08,6.95E+08,-1.08E+08,1.46E+09,6.81E+08,7.08E+08,-1.13E+08,-1.41E+08,2.95E+09,4.06E+08,-7.20E+08,3.25E+08,5.47E+08,6.44E+08,1.58E+08,2.38E+08,,,,,,,,,,,,,,,,,,,,,,,,,,,,,,,,
"Bahamas, The","Direct investment, excluding exceptional financing",3.21E+08,1.89E+08,1.83E+08,2.20E+08,7.31E+07,1.53E+08,2.37E+08,1.62E+08,3.21E+08,2.60E+08,2.30E+08,1.24E+08,5.35E+07,4.93E+07,2.56E+08,5.85E+07,1.62E+08,1.09E+08,8.91E+07,3.70E+07,1.47E+08,1.44E+07,1.99E+08,3.84E+07,-717109.51,9650181.72,4.36E+07,9901589.6,1.30E+07,6.62E+07,1.47E+08,8.93E+07,8.83E+07,1.13E+08,7.53E+07,6.82E+07,4.84E+07,6.45E+07,2.95E+08,8.60E+07,4.57E+07,1.61E+08,1.00E+08,1.23E+08,9.86E+07,1.81E+07,1.35E+08,6.27E+07,2.19E+08,1.36E+08,1.35E+08,1.81E+07,9.41E+07,1.17E+08,1.52E+08,-2.70E+07,2.89E+08,7.83E+07,1.28E+08,5.95E+07,5.69E+07,1.38E+08,6.07E+07,-2.66E+07,6.87E+07
Belgium,"Direct investment, excluding exceptional financing",1.01E+11,-1.51E+10,2.24E+10,1.00E+10,6.00E+10,2.38E+10,2.68E+10,2.39E+10,5.10E+10,4.19E+10,1.86E+10,4.28E+10,6.04E+10,2.75E+10,-5.15E+08,8.66E+09,-2.38E+10,-5.75E+09,6.35E+08,-8.69E+09,-1.58E+10,3.05E+08,-2.22E+10,2.90E+09,3.82E+09,3.96E+09,-1.72E+10,1.47E+10,-2.10E+10,4.96E+10,-2.03E+09,3.29E+08,9.62E+09,5.93E+09,-1.21E+10,-9.52E+09,-2.16E+10,-8.86E+09,-9.25E+09,-1.11E+09,-2.24E+10,-1.52E+10,-4.03E+10,1.97E+10,2.53E+10,3.09E+09,-3.55E+10,-3.12E+09,5.10E+09,1.48E+10,1.06E+09,5.26E+09,1.42E+10,1.42E+10,-7.73E+09,9.33E+09,-3.96E+09,1.79E+10,-2.36E+10,3.37E+09,-4.57E+08,5.67E+09,-3.20E+10,-3.55E+09,-5.68E+09
Czech Republic,"Direct investment, excluding exceptional financing",1.85E+09,8.77E+08,1.39E+09,1.02E+09,1.99E+09,2.43E+09,2.09E+09,3.85E+09,1.80E+09,-1.34E+09,3.89E+09,-2.52E+09,4.17E+09,1.66E+09,1.16E+09,2.70E+09,3.92E+09,1.86E+09,1.82E+09,1.84E+09,1.83E+09,3.21E+09,1.96E+08,2.94E+09,1.74E+09,9.11E+08,-1.96E+08,7.53E+08,2.32E+08,1.73E+09,2.93E+09,3.04E+09,3.15E+09,3.55E+09,2.16E+09,2.90E+09,2.62E+09,7.18E+08,2.01E+09,2.80E+09,2.80E+09,3.40E+09,3.08E+09,3.40E+09,8.76E+08,3.11E+09,-1.50E+08,1.50E+09,4.06E+09,1.83E+09,3.70E+09,2.74E+09,4.63E+09,1.83E+09,2.21E+09,1.39E+09,3.71E+09,2.10E+09,2.63E+09,2.04E+09,5.13E+09,4.43E+09,1.28E+09,3.77E+09,3.57E+09
"Yemen, Republic of","Direct investment, excluding exceptional financing",5.19E+08,1.04E+08,6.77E+07,1.18E+07,-5.46E+07,-1.15E+08,1.36E+08,2.29E+08,-6.16E+07,-2.75E+08,4.15E+07,-1.54E+08,-1.31E+08,-1.34E+08,6.20E+07,2.13E+07,3.63E+07,-1.73E+08,-1.09E+08,1.04E+08,4.39E+07,-2.31E+08,-1.54E+08,-6.18E+07,2.14E+08,-6.83E+07,5.28E+07,0,0,0,0,0,0,,,,,,,,,,,,,,,,,,,,,,,,,,,,,,,,
Mexico,"Direct investment, excluding exceptional financing",6.70E+09,7.53E+09,6.68E+09,2.10E+09,3.34E+09,8.95E+09,1.04E+10,3.19E+09,7.98E+09,8.53E+09,7.36E+09,4.00E+09,4.00E+09,7.86E+09,2.32E+09,4.97E+09,3.08E+09,1.21E+10,2.12E+10,3.85E+09,1.39E+10,1.28E+10,5.22E+09,2.53E+09,7.91E+09,1.23E+10,7.16E+09,1.15E+10,5.26E+09,1.41E+10,8.03E+09,7.31E+09,9.44E+09,1.39E+10,7.66E+09,5.35E+09,6.21E+09,1.60E+10,1.16E+10,3.96E+09,6.31E+09,1.47E+10,5.54E+09,6.26E+09,3.46E+09,2.17E+10,2.75E+09,3.91E+09,3.14E+09,1.68E+10,5.75E+09,4.93E+09,7.95E+09,2.28E+10,7.56E+09,6.36E+09,2.38E+09,2.27E+10,5.58E+09,2.98E+09,-5.64E+08,2.74E+10,8.65E+09,6.36E+09,2.97E+09
"Madagascar, Republic of","Direct investment, excluding exceptional financing",2.16E+08,5.61E+08,4.75E+08,1.33E+08,1.24E+08,1.54E+08,3.11E+08,1.98E+08,2.49E+08,2.56E+08,2.44E+08,2.16E+08,9.84E+07,2.59E+08,1.39E+08,1.76E+08,2.41E+08,1.56E+08,1.43E+08,1.55E+08,1.12E+08,4.39E+07,1.22E+08,1.20E+08,8.71E+07,6.10E+07,8.26E+07,9.09E+07,9.36E+07,1.08E+08,1.23E+08,1.50E+08,1.59E+08,8.28E+07,1.09E+08,1.33E+08,1.41E+08,1.17E+08,1.14E+08,2.55E+08,1.25E+08,9.77E+07,1.25E+08,1.12E+08,1.40E+08,9.58E+07,8.00E+07,8.22E+07,1.00E+08,7.40E+07,7.61E+07,8.72E+07,1.20E+08,1.06E+08,1.19E+08,1.34E+08,1.09E+08,,,,,,,,
United States,"Direct investment, excluding exceptional financing",6.19E+10,7.12E+09,5.58E+10,6.64E+10,3.18E+10,4.53E+10,3.77E+10,1.10E+11,7.11E+10,7.42E+10,7.92E+10,6.36E+10,4.65E+10,4.81E+10,9.50E+10,4.49E+10,6.24E+10,3.66E+10,1.02E+11,7.93E+10,6.98E+10,-6.98E+10,8.31E+10,1.16E+11,1.22E+11,2.44E+11,1.21E+11,7.14E+10,7.50E+10,1.39E+11,1.79E+11,1.43E+11,1.40E+10,1.13E+11,9.40E+10,1.04E+11,6.92E+10,5.03E+10,-2.89E+09,1.33E+11,3.41E+10,9.32E+10,1.07E+11,7.58E+10,4.00E+10,3.64E+10,-5.31E+10,1.20E+11,3.34E+10,5.74E+10,1.30E+11,1.64E+11,1.27E+11,1.38E+11,8.07E+10,1.28E+11,6.94E+10,6.74E+10,1.14E+11,6.96E+10,1.11E+11,6.42E+10,9.87E+10,1.30E+11,4.02E+09
Finland,"Direct investment, excluding exceptional financing",7.50E+09,3.21E+09,-3.78E+08,-1.07E+10,-9.49E+08,5.15E+09,5.77E+08,3.59E+09,2.90E+09,-1.83E+09,-4.22E+09,1.86E+09,-1.83E+09,1.84E+09,6.56E+09,1.28E+09,-4.75E+09,-2.35E+09,-3.41E+09,-1.19E+09,2.00E+09,9.73E+09,-1.72E+09,5.48E+09,4.05E+09,8.94E+09,4.61E+09,1.45E+09,2.58E+09,4.70E+09,-1.12E+09,2.74E+09,-1.09E+09,1.26E+10,-2.11E+09,3.24E+09,3.20E+09,4.48E+09,-9.97E+09,2.47E+09,-7.51E+09,6.55E+09,-2.10E+09,7.31E+09,4.51E+09,2.91E+09,-1.51E+09,-1.15E+08,-3.82E+09,8.26E+09,1.30E+09,1.12E+10,2.85E+09,2.98E+09,-2.44E+08,7.22E+09,3.12E+09,3.03E+09,-4.14E+09,3.53E+09,-2.76E+09,4.44E+09,-3.76E+09,1.71E+09,1.43E+08
Euro Area (EA),"Direct investment, excluding exceptional financing",-3.83E+10,6.02E+10,1.47E+09,1.14E+11,1.56E+11,6.23E+10,1.42E+11,5.09E+10,1.39E+11,1.80E+11,8.15E+10,9.29E+10,2.18E+11,2.10E+11,1.46E+11,2.19E+11,7.57E+10,1.39E+11,2.17E+11,1.72E+11,2.96E+11,7.87E+10,2.00E+10,1.58E+11,5.76E+10,2.29E+11,2.17E+11,1.65E+11,4.07E+11,1.76E+11,8.20E+10,3.17E+10,5.52E+10,2.42E+11,1.46E+11,-1.13E+11,2.80E+10,-8.12E+10,-7.22E+09,-8.94E+10,-1.83E+11,3.59E+10,7.91E+10,1.08E+11,-2.39E+11,-4.39E+10,1.31E+11,-1.46E+10,9.99E+10,7.36E+10,2.72E+10,1.29E+10,-9.27E+10,5.35E+10,3.74E+10,5.03E+10,-2.43E+11,1.56E+10,-8.29E+10,3.54E+10,-3.36E+11,3.85E+10,-1.34E+11,-9.93E+09,5.21E+10
Solomon Islands,"Direct investment, excluding exceptional financing",1.49E+07,1.42E+07,9379724.83,1.37E+07,1.13E+07,2.03E+07,4.06E+07,6.19E+07,4.32E+07,3.05E+07,3.12E+07,3.10E+07,2.74E+07,1.93E+07,1.48E+07,-6798447.551,-3428351.784,1.53E+07,-1.14E+07,3.74E+07,1.21E+07,2.39E+07,3914093.503,8991475.324,-1.58E+07,1.34E+07,2.43E+07,-8936357.256,3488785.603,7276322.117,-1188681.128,1.52E+07,1.61E+07,1.29E+07,8176775.508,1.62E+07,5593534.155,1.30E+07,2822839.505,1894469.987,7301990.982,9164188.815,4884861.003,9097016.322,9641026.58,234437.6228,6904077.496,5421675.962,-3580144.139,7401070.105,1.76E+07,1.98E+07,-1.69E+07,8520430.183,6682819.387,1.43E+07,1.12E+07,1.30E+07,1.58E+07,2328633.834,4.77E+07,3707944.121,1.62E+07,1.19E+07,1087553.357
Bermuda,"Direct investment, excluding exceptional financing",-2.15E+08,7362968.85,-9763645.683,-8.18E+07,1.34E+07,5.53E+08,-1.77E+08,-9.71E+07,-5.62E+07,-1.55E+08,9.10E+07,6.52E+07,-2.59E+08,6.19E+07,2.19E+07,1.91E+07,-5.52E+07,5.10E+08,-5.01E+08,6630677.038,3.93E+07,2.08E+07,-7794271.675,-1.48E+07,-1614767.226,7.44E+07,-2.13E+08,-2.45E+07,2.00E+07,5.04E+07,1.10E+08,-1.96E+08,-3.81E+07,-3.01E+08,3.16E+07,9.84E+07,-1.17E+08,1.32E+07,3.01E+07,2808513.5,4.94E+07,1.32E+07,3.22E+07,4.57E+07,-8.67E+07,3.05E+07,3.91E+07,2.47E+07,3.82E+08,8901260.875,5.28E+07,-2.36E+07,1.16E+07,1.01E+07,-1.03E+08,3.97E+07,5.90E+07,6.41E+07,4.34E+07,7939709.264,3.54E+07,-1.19E+07,3.82E+07,-3.69E+07,
Peru,"Direct investment, excluding exceptional financing",5.78E+07,1.62E+09,1.97E+09,1.94E+09,8.99E+08,2.40E+09,1.94E+09,2.69E+09,1.43E+09,2.30E+09,1.60E+09,1.98E+09,1.80E+09,4.12E+09,2.34E+09,3.21E+09,4.52E+09,3.73E+09,1.29E+09,3.04E+09,1.51E+09,2.71E+09,1.65E+09,-2.51E+09,2.42E+09,3.28E+09,1.46E+09,2.32E+09,2.76E+08,1.26E+09,1.74E+09,2.18E+09,1.62E+09,2.52E+09,5.22E+08,1.87E+09,2.51E+09,2.43E+09,1.01E+09,2.09E+09,3.46E+08,-1.73E+08,2.51E+09,1.19E+09,1.24E+09,3.47E+08,-7.30E+08,6.69E+08,3.77E+08,3.11E+09,-6.48E+07,1.35E+09,2.74E+09,4.94E+09,1.38E+09,2.34E+09,2.55E+09,1.87E+09,8.95E+08,1.68E+09,-1.09E+08,2.59E+09,1.33E+09,1.01E+09,1.87E+09
"Poland, Republic of","Direct investment, excluding exceptional financing",1.20E+09,3.94E+09,2.57E+09,4.94E+09,2.58E+09,8.05E+09,-4.97E+08,3.73E+09,7.58E+09,8.53E+09,4.14E+09,4.66E+09,1.53E+09,-7.65E+08,1.66E+09,2.67E+09,4.05E+09,2.03E+09,-2.46E+08,2.20E+09,-2.64E+09,7.50E+09,3.98E+09,5.19E+09,4.20E+09,5.94E+09,8.83E+08,5.23E+09,3.76E+09,6.67E+09,2.59E+09,3.04E+09,5.77E+09,3.03E+09,-9.02E+08,3.96E+09,6.48E+09,7.70E+09,2.97E+09,6.36E+09,2.88E+09,9.66E+09,1.13E+09,6.57E+09,1.66E+09,7.32E+09,1.07E+08,6.97E+09,5.69E+09,1.30E+10,4.60E+09,1.20E+10,7.89E+09,1.69E+10,8.10E+09,9.93E+09,6.91E+09,1.12E+10,7.72E+09,1.18E+10,3.56E+09,7.49E+09,1.35E+09,7.37E+09,5.17E+09
Cameroon,"Direct investment, excluding exceptional financing",,,,,,,,,,,,,,,,,,,,,,,,,,,,,,1.97E+08,2.45E+08,1.80E+08,4.18E+07,2.03E+08,1.62E+08,1.22E+08,3.27E+08,1.94E+08,1.21E+08,3.12E+08,1.37E+08,2.30E+08,1.80E+08,1.76E+08,4.39E+08,2.12E+08,1.67E+08,1.60E+08,1.36E+08,2.67E+08,1.54E+08,3.56E+08,1.87E+08,3.10E+08,1.09E+08,3.47E+08,1.60E+08,2.73E+08,2.69E+08,3.69E+07,2.43E+08,1.94E+08,2.69E+08,,
Denmark,"Direct investment, excluding exceptional financing",-2.08E+09,1.60E+09,-8.81E+08,3.80E+09,-7.36E+08,-1.87E+09,-7.16E+08,-1.06E+09,-7.86E+09,-2.56E+09,8.79E+09,6.89E+09,4.34E+08,-3.00E+09,1.06E+09,1.13E+09,-1.55E+10,1.82E+08,7.10E+08,-2.18E+08,5836565.203,-1.59E+09,-1.67E+09,6.61E+09,3.22E+09,-1.32E+09,2.86E+09,-1.16E+09,1.46E+09,7.74E+09,2.81E+07,-3.45E+08,3.82E+08,-2.30E+09,-8.43E+08,7.52E+09,-7.72E+08,1.74E+09,1.78E+09,3.22E+09,2.03E+09,-1.48E+10,2.17E+08,5.90E+09,4.85E+09,-2.62E+09,-2.44E+08,4.15E+09,8489663.478,-1.53E+09,9.03E+09,3.94E+09,5.55E+09,8.55E+09,9.49E+08,6.01E+09,1.21E+10,-5.60E+08,-5.83E+09,1.25E+10,2.84E+09,-8.07E+08,3.55E+09,6.04E+09,9.76E+09
Haiti,"Direct investment, excluding exceptional financing",1.50E+07,9180000,1.09E+07,2.04E+07,1.70E+07,5.70E+07,4.70E+07,5.70E+07,2.45E+07,2.45E+07,4500000,6.55E+07,1.93E+07,6.81E+07,2.63E+07,4.23E+07,3.70E+07,4.47E+07,4.53E+07,3.50E+07,3.40E+07,2.70E+07,2.60E+07,1.20E+07,2.88E+07,2.78E+07,3.24E+07,1.68E+07,2.66E+07,2.00E+07,2.50E+07,3.33E+07,1.50E+07,2.20E+07,3.15E+08,2.30E+07,2.50E+07,3.00E+07,2.70E+07,2.30E+07,2.50E+07,1.50E+07,1.80E+07,1.70E+07,1.00E+07,1.20E+07,0,3000000,7695000,9234000,1.30E+07,2.14E+07,1.09E+07,1.21E+07,9200000,7270000,6513600,7252320,5520000,4362000,6513600,4351392,3312000,,
Kyrgyz Republic,"Direct investment, excluding exceptional financing",1.84E+08,-1.03E+07,4484000,6.77E+07,1.28E+08,1.37E+08,-2954700,2.24E+07,3.17E+08,2.11E+08,1.01E+08,4.66E+07,3.26E+08,3.32E+07,9.99E+07,1.53E+08,-2.48E+07,9.24E+07,1.32E+08,3.12E+08,7.60E+07,-3.85E+07,-78700,1.70E+08,2.11E+08,3.10E+07,3.04E+08,1.89E+08,6.20E+08,1.17E+08,1.77E+08,8.24E+07,2.43E+08,-4.74E+07,1.54E+08,5.19E+07,-2.66E+08,-1.28E+08,1.39E+08,6227100,1.27E+08,6906300,1.14E+08,-5.74E+07,3.41E+08,-2.65E+08,-1.75E+08,1.19E+08,-8.08E+07,-3.67E+08,1.40E+08,1.58E+08,2.96E+08,-5647300,1.50E+08,2.50E+08,-3.40E+08,8.04E+07,1.81E+08,,,,,,
"Estonia, Republic of","Direct investment, excluding exceptional financing",1.47E+08,2.46E+08,5.02E+07,2.75E+08,1.29E+09,5.08E+08,4.40E+08,3.01E+08,1.34E+09,7.03E+08,2.79E+08,-2.45E+08,3.82E+08,3.20E+08,5.08E+08,4.70E+08,4.89E+08,2.15E+08,5.83E+08,1.71E+08,1.29E+08,5.81E+08,1.66E+08,9.32E+08,1.02E+08,9.38E+07,-9.69E+08,4.45E+08,-2.86E+08,1.57E+08,2.91E+08,3.46E+08,1.32E+08,6.28E+08,4.76E+08,6.93E+08,-6.09E+07,-1.09E+07,1.05E+09,2.67E+08,-3.57E+07,2.07E+09,-4500418.5,7.05E+08,3.45E+08,8.18E+08,1.92E+08,1.43E+09,1.38E+09,2.01E+09,3.71E+09,6.12E+08,1.23E+09,6.10E+07,-1.95E+09,4.93E+08,3.28E+09,1.50E+09,8.60E+08,6.75E+08,2.32E+09,-5.21E+08,-2.84E+09,5.92E+08,-6.89E+08
Guinea,"Direct investment, excluding exceptional financing",,0,0,0,0,0,0,0,0,6.78E+07,7.09E+08,1.31E+08,4.80E+07,20000,270000,0,0,-1.46E+07,-8920000,-1.06E+08,-2330000,-1.06E+07,-1.31E+07,-1.87E+07,-3.14E+07,6890260,2.58E+07,7166185.535,1.34E+07,3.13E+07,4.85E+07,-1.68E+07,1.56E+09,4.49E+07,7.33E+07,4.35E+08,2.45E+07,3.35E+08,8630000,1.91E+07,-9640000,1.01E+07,1.07E+07,1.38E+07,9780000,8.42E+07,2.00E+07,7250000,6.49E+07,1.03E+08,3.17E+07,-5300000,6.79E+07,3.28E+07,1.84E+08,2.29E+08,2.13E+08,2.64E+08,2.01E+08,2.65E+08,5.85E+08,4.57E+08,2.84E+08,3.32E+08,3.29E+08
Tonga,"Direct investment, excluding exceptional financing",0,203680.7792,12701.08569,113.0739091,207488.5151,45947.74175,4407456.672,196530.7294,4332471.518,1322052.806,1790496.904,960204.0958,-358412.0185,-3632979.731,2189673.675,1801459.087,1435510.275,2589734.589,442809.3388,2571231.097,1062390.922,1789526.372,7818299.096,,,415707.1246,532335.3854,1.15E+07,731304.3792,-510928.7589,4884520.821,-1.60E+07,-701994.5722,1179051.071,-133048.9303,-5049971.163,492080.5291,2.85E+07,-685862.1454,-6310595.188,1799742.505,1467010.194,-3064534.337,1106209.542,3172665.334,417583.0072,-872012.9714,1095444.302,1175053.217,435821.8264,-2447831.778,1345478.946,1546741.375,322748.8075,-303417.1581,462829.4547,1186513.866,1549134.381,1727707.235,490168.0129,3874782.901,-1106588.913,-1.53E+07,,
"Afghanistan, Islamic Republic of","Direct investment, excluding exceptional financing",9270000,5680700,1.35E+07,2.55E+07,1.15E+07,1.47E+08,1.36E+07,1.01E+07,2.00E+07,1.05E+07,1.13E+07,1.94E+07,1.09E+07,1.60E+07,2.23E+07,1.02E+07,8453801,2.07E+07,9712502,9716920,8220001,1.20E+07,9908900,8027500,1.30E+07,1.78E+07,3.32E+07,7.80E+07,4.02E+07,1.77E+07,2.15E+07,2.35E+07,3.08E+07,8098264.125,1.72E+07,1.34E+07,1.29E+07,3.97E+07,4.57E+07,2.50E+07,9139500.791,8810968.521,1.20E+07,-4181459.507,6806584.4,3190511.722,3016242.804,4779655.744,1983737.713,5150244.032,,,,,,,,,,,,,,,
Montenegro,"Direct investment, excluding exceptional financing",1.54E+08,1.31E+08,3.36E+08,8.59E+08,2.24E+08,1.88E+08,2.71E+08,1.20E+08,1.79E+08,1.56E+08,1.03E+08,1.47E+08,1.51E+08,1.12E+08,1.27E+08,1.89E+08,1.90E+08,8.87E+07,1.15E+08,1.64E+08,7.87E+07,1.08E+08,1.24E+08,1.47E+08,1.18E+08,9.99E+07,1.13E+08,3.87E+08,9.97E+07,-9.04E+07,6.82E+07,1.44E+08,1.05E+08,1.11E+08,1.39E+08,1.12E+08,1.99E+08,6.53E+07,1.47E+08,7.55E+07,1.98E+08,1.45E+08,1.27E+08,4.89E+07,9.71E+07,1.48E+08,1.32E+08,9.41E+07,1.57E+08,1.05E+08,1.41E+08,1.79E+08,2.68E+08,1.93E+08,2.16E+08,2.59E+08,2.05E+08,1.40E+08,1.50E+08,8.53E+07,1.50E+08,1.50E+08,1.56E+08,1.55E+08,1.40E+08
"Fiji, Republic of","Direct investment, excluding exceptional financing",1.87E+08,4.60E+07,9.29E+07,7.94E+07,9.00E+07,4.24E+07,2.64E+07,3.35E+07,7.58E+07,7.83E+07,7.03E+07,5.32E+07,1.54E+07,3.03E+07,8.57E+07,4.46E+07,1.17E+08,7.24E+07,7.31E+07,6.35E+07,3.48E+07,4.92E+07,1.09E+08,7.51E+07,1.44E+08,3.95E+07,6.82E+07,5.73E+07,4.03E+07,4.89E+07,9.57E+07,1.36E+08,1.11E+08,8.22E+07,6.09E+07,1.52E+08,9.26E+07,9.11E+07,9.06E+07,1.20E+08,1.67E+08,1.38E+08,7.72E+07,5.22E+07,5.52E+07,7.42E+07,6.84E+07,5.84E+07,3.84E+07,6.51E+07,2.57E+08,6.32E+07,2.46E+07,2.22E+07,2.86E+07,1.46E+07,3.82E+07,8718829.057,1.89E+07,,,,,,
Italy,"Direct investment, excluding exceptional financing",-6.51E+09,4.04E+10,1.03E+09,-2.29E+10,-1.88E+09,6.57E+09,-1.05E+09,6.07E+07,4.35E+09,6.58E+09,9.81E+09,1.01E+10,7.94E+09,-3.50E+08,-2.48E+09,-2.06E+09,4.92E+09,6.00E+09,4.92E+09,-9269251.515,8.62E+09,7.20E+09,1.68E+09,1.70E+09,6.46E+09,4.69E+09,2.05E+09,2.74E+09,3.82E+09,9.36E+09,4.05E+09,2.58E+09,9.67E+09,4.45E+09,9.35E+09,-1.21E+09,-3.85E+09,6.79E+09,7.85E+09,7.26E+09,2.24E+10,1.38E+10,2.13E+09,1.42E+10,5.63E+09,1.49E+09,-2.26E+09,-8.38E+08,-1.54E+10,4.41E+09,7.44E+09,4.44E+09,9.96E+09,2.13E+10,1.17E+10,6.33E+09,2.25E+10,5.77E+09,1.78E+10,-1.75E+08,1.86E+10,7.53E+09,3.66E+09,6.49E+09,4.10E+09
Hungary,"Direct investment, excluding exceptional financing",2.09E+10,7.55E+09,-1.87E+10,6.03E+09,2.11E+09,2.78E+09,-5.79E+09,-9.02E+08,-1.70E+10,9.54E+09,-1.15E+10,-6.85E+09,1.94E+10,3.14E+08,2.17E+09,-1.67E+09,9.86E+09,3.63E+09,-2.09E+09,-4.06E+09,-1.21E+09,4.15E+09,-2.35E+09,5.67E+09,5.41E+09,1.28E+09,-2.68E+09,1.57E+09,-5.65E+09,-7.30E+09,1.40E+09,7.33E+08,7.46E+10,3.27E+09,-2.93E+09,8.52E+09,-2.12E+10,2.61E+09,1.91E+09,6.08E+09,-7.53E+10,1.63E+10,1.31E+10,1.45E+10,5.43E+10,9.12E+09,1.38E+11,1.60E+10,3.79E+09,1.31E+10,5.02E+09,7.20E+09,8.15E+09,2.18E+09,-1.47E+10,1.34E+09,9.31E+09,2.47E+10,-1.20E+10,4.00E+09,-8.75E+10,3.39E+10,-5.99E+10,4.94E+09,-1.39E+10
Bhutan,"Direct investment, excluding exceptional financing",2935788.604,3694262.486,5558448.353,5990357.876,1.06E+07,2.21E+07,3.66E+07,5432833.995,1.15E+07,8948669.67,5222241.792,7790289.972,6663636.755,6088055.2,3838691.646,2395349.375,7711170.551,5685194.326,4641916.812,1697468.006,4313822.329,3113102.862,1.44E+07,3595130.041,2557150.99,294234.2682,4438.550845,671197.1499,5375382.458,-71020.32696,5908603.068,-1.41E+07,7995313.33,-1.13E+07,873125.1744,1057103.305,-474157.4901,156023.3782,1910485.118,247461.2666,3600395.632,1.01E+07,-981422.1881,-1828093.206,-187462.6679,-135564.4213,-635840.5947,3933280.725,2140883.12,-191961.8579,900910.5,875287.9676,-467538.3616,-1053174.029,9047521.569,88913.8679,7011454.213,-1993815.134,6809495.343,4680671.414,4646434.247,6741573.635,6709582.507,4.35E+07,
Sweden,"Direct investment, excluding exceptional financing",1.28E+10,4.34E+09,3.81E+08,4.45E+09,-2.12E+08,1.00E+09,3.00E+08,6.31E+09,-6.99E+09,1.12E+10,-7.73E+08,1.03E+10,-1.37E+10,7.03E+09,1.26E+09,5.83E+09,-9.85E+09,-7.19E+09,-3.92E+09,1.17E+10,9.01E+08,1.08E+10,-2.99E+09,-3.85E+09,-9.97E+09,-6.54E+07,3.36E+09,1.10E+10,-4.54E+09,4.14E+09,4.01E+09,1.09E+10,-3.56E+09,4.19E+09,3.24E+09,1.69E+09,1.52E+10,-2.26E+09,-1.49E+09,8.97E+09,-5.93E+09,5.73E+09,1.86E+09,4.13E+09,4.17E+09,1.87E+10,-5.88E+09,8.77E+09,-3.05E+09,1.65E+10,-9.10E+09,3.37E+10,1.69E+10,6.42E+09,1.50E+10,1.42E+10,1.83E+10,1.60E+09,4.43E+09,7.78E+09,4.64E+09,1.12E+10,-1.14E+09,8.91E+09,9.91E+09
"Kosovo, Republic of","Direct investment, excluding exceptional financing",,7.62E+07,8.80E+07,1.19E+08,1.20E+08,9.61E+07,6.10E+07,1.54E+08,1.79E+08,1.16E+08,1.31E+08,1.57E+08,1.32E+08,7.43E+07,3.83E+07,1.15E+08,6.51E+07,7.97E+07,1.16E+08,9.34E+07,8.25E+07,5.85E+07,-4956014.322,1.10E+08,3.68E+07,9.24E+07,8.80E+07,1.19E+08,4.42E+07,6.18E+07,3.34E+07,1.09E+08,3.92E+07,6.97E+07,9.25E+07,7.49E+07,4.98E+07,3.69E+07,7.49E+07,1.16E+08,9.05E+07,7.95E+07,4.59E+07,1.17E+08,4.23E+07,1.15E+08,7.69E+07,9.37E+07,1.09E+08,1.25E+08,1.46E+08,2.00E+08,2.98E+07,1.31E+08,2.23E+08,2.89E+08,1.22E+08,1.97E+08,2.04E+08,2.70E+08,2.38E+08,2.34E+08,2.20E+08,2.69E+08,
"China, People's Republic of","Direct investment, excluding exceptional financing",4.45E+10,2.82E+10,1.98E+10,3.60E+10,4.72E+10,5.03E+10,5.92E+10,5.93E+10,7.50E+10,7.38E+10,7.31E+10,5.76E+10,7.55E+10,6.11E+10,5.16E+10,4.92E+10,7.92E+10,5.94E+10,6.90E+10,5.73E+10,1.05E+11,6.13E+10,5.38E+10,6.41E+10,8.89E+10,6.68E+10,6.17E+10,4.23E+10,7.16E+10,4.13E+10,3.77E+10,2.57E+10,7.00E+10,3.31E+10,2.11E+10,3.26E+10,7.93E+10,8.20E+10,6.17E+10,3.42E+10,5.75E+10,5.39E+10,4.22E+10,2.57E+10,6.53E+10,4.47E+10,4.71E+10,6.43E+10,9.70E+10,9.53E+10,7.87E+10,7.71E+10,9.30E+10,1.07E+11,3.78E+10,1.52E+10,3.01E+10,2.70E+10,1.47E+10,-1.08E+10,2.05E+10,1.11E+10,-1.50E+10,-1.16E+10,3.41E+10
"Mozambique, Republic of","Direct investment, excluding exceptional financing",1.16E+08,2.18E+08,1.44E+08,2.95E+08,2.73E+08,2.76E+08,3.24E+08,4.05E+08,2.53E+08,7.15E+08,7.51E+08,1.10E+09,1.10E+09,1.30E+09,1.43E+09,1.35E+09,1.55E+09,1.81E+09,1.84E+09,1.64E+09,1.41E+09,1.30E+09,1.07E+09,1.11E+09,1.51E+09,1.01E+09,9.35E+08,9.40E+08,9.85E+08,6.18E+08,1.10E+09,8.50E+08,5.57E+08,5.71E+08,4.68E+08,2.48E+08,1.03E+09,3.34E+08,2.23E+08,-5.32E+08,1.65E+09,8.07E+08,5.55E+08,1.02E+09,9.93E+08,8.81E+08,7.00E+08,7.35E+08,8.72E+08,1.05E+09,2.74E+09,1.00E+09,5.05E+08,1.53E+09,4.10E+08,4.82E+08,5.96E+08,5.59E+08,8.39E+08,6.52E+08,6.33E+08,6.55E+08,1.07E+09,1.01E+09,7.69E+08
Slovak Republic,"Direct investment, excluding exceptional financing",1.77E+09,2.06E+09,3.00E+08,1.75E+08,-1.01E+09,1.68E+09,1.35E+08,4.85E+08,-1.83E+08,1.91E+09,-1.47E+08,1.61E+09,2.06E+09,1.36E+09,-2.25E+08,-1.68E+07,6.62E+08,6.95E+08,-9.00E+08,1.53E+09,-3.25E+08,8.97E+08,-6.39E+08,3.57E+08,-9.78E+08,1.47E+09,1.21E+08,-4.69E+08,3.95E+08,1.70E+09,5.78E+08,1.16E+09,1.33E+09,1.77E+09,4.03E+07,6.50E+08,1.77E+09,1.02E+09,-2.68E+08,8.00E+08,6.97E+08,6.77E+08,177544.6,5.58E+08,1.04E+09,9.25E+08,-2.09E+08,-1.49E+09,-3.70E+08,1.83E+09,-1.75E+08,2.39E+08,8.27E+08,1.45E+09,4.53E+08,1.77E+09,1.15E+09,-3.88E+08,-5.73E+08,3.34E+08,3.00E+08,1.13E+09,3.42E+08,9.64E+08,1.15E+09
Uganda,"Direct investment, excluding exceptional financing",1.82E+08,2.10E+08,2.10E+08,2.10E+08,2.10E+08,1.36E+08,1.36E+08,1.36E+08,1.36E+08,2.24E+08,2.24E+08,2.24E+08,2.24E+08,3.68E+08,4.46E+08,3.06E+08,8.51E+07,2.74E+08,2.74E+08,2.74E+08,2.74E+08,2.65E+08,2.65E+08,2.65E+08,2.65E+08,1.84E+08,1.84E+08,1.84E+08,1.84E+08,1.56E+08,1.56E+08,1.56E+08,1.56E+08,2.01E+08,2.01E+08,2.01E+08,2.01E+08,2.64E+08,2.64E+08,2.64E+08,2.64E+08,3.26E+08,3.26E+08,3.26E+08,3.26E+08,2.98E+08,2.98E+08,2.98E+08,2.98E+08,4.12E+08,4.12E+08,4.12E+08,4.12E+08,7.38E+08,7.38E+08,7.38E+08,7.38E+08,7.42E+08,7.33E+08,7.59E+08,7.59E+08,7.59E+08,7.59E+08,9.24E+08,
"Aruba, Kingdom of the Netherlands","Direct investment, excluding exceptional financing",-1.84E+08,-3.79E+07,-3016759.777,1.40E+07,1.64E+07,-3.09E+07,2.25E+07,1.41E+08,5.44E+07,5.63E+08,-1.56E+08,2.00E+08,-1.18E+08,-3.59E+08,-3.04E+07,-2.31E+07,9.82E+07,6.36E+07,7.52E+07,5.26E+07,8.08E+07,2.85E+07,4748839.187,1.13E+08,6.23E+07,-1.13E+07,4.61E+07,-6.73E+07,5655309.422,3.41E+07,3.45E+07,-3.24E+07,-8671478.282,9200563.066,3.83E+07,4.08E+07,7.42E+07,2.76E+07,5.83E+07,4.19E+07,1.64E+07,-5379884.548,-4.27E+07,-2.56E+07,-1586564.722,3.06E+07,5.10E+07,3.58E+07,4.37E+07,1.37E+07,3.43E+07,3.00E+07,5.54E+07,2532736.807,1.49E+08,5.26E+07,4.43E+07,-1.91E+08,5759511.415,5.19E+07,-4394815.706,,,,
Seychelles,"Direct investment, excluding exceptional financing",3.57E+07,4.27E+07,4.20E+07,4.24E+07,4.11E+07,5.15E+07,3.34E+07,3.74E+07,3.74E+07,3.39E+07,2.73E+07,2.73E+07,5.47E+07,1.75E+08,1.45E+08,1.42E+08,1.51E+08,1.46E+07,-104319.933,1.32E+07,2.95E+07,1.39E+07,1.26E+07,4.11E+07,4.08E+07,3.09E+07,2.83E+07,2.63E+07,2.03E+07,1.94E+07,7006045.357,1.09E+07,3.11E+07,2.94E+07,1.67E+07,5.31E+07,9.82E+07,8.48E+07,6.51E+07,7.05E+07,8.48E+07,7.07E+07,7.20E+07,5.45E+07,5.98E+07,1.73E+07,1.55E+07,1.25E+07,3.48E+07,3.60E+07,2.10E+07,2.40E+07,3.09E+07,4.51E+07,5.12E+07,4.13E+07,5.22E+07,6.40E+07,7.04E+07,5.36E+07,5.18E+07,4.92E+07,3.47E+07,3.40E+07,
Vietnam,"Direct investment, excluding exceptional financing",2.47E+09,1.88E+09,1.94E+09,2.06E+09,1.72E+09,1.85E+09,2.25E+09,2.10E+09,1.80E+09,1.15E+09,2.47E+09,2.19E+09,1.61E+09,1.78E+09,1.97E+09,2.35E+09,2.27E+09,1.93E+09,2.34E+09,2.18E+09,2.45E+09,2.14E+09,2.36E+09,2.22E+09,2.48E+09,2.45E+09,2.75E+09,2.77E+09,3.83E+09,2.86E+09,2.98E+09,3.01E+09,3.75E+09,2.89E+09,3.36E+09,3.89E+09,3.96E+09,3.10E+09,3.63E+09,3.88E+09,4.89E+09,3.22E+09,3.97E+09,4.08E+09,4.85E+09,3.02E+09,3.74E+09,4.08E+09,4.96E+09,3.28E+09,4.12E+09,3.15E+09,5.11E+09,3.52E+09,4.51E+09,4.25E+09,5.62E+09,3.45E+09,4.55E+09,4.67E+09,5.83E+09,3.63E+09,4.97E+09,5.17E+09,6.40E+09
Spain,"Direct investment, excluding exceptional financing",1.24E+10,-2.40E+09,9.16E+09,4.57E+09,-3.76E+09,1.10E+10,-5.85E+08,8.09E+09,1.74E+10,1.25E+10,-7.44E+09,1.03E+10,1.05E+10,5.73E+09,-2.88E+09,8.50E+08,1.56E+10,1.67E+10,8.96E+09,8.02E+09,1.34E+10,1.59E+10,1.28E+10,1.57E+10,-1.24E+10,6.83E+09,7.44E+09,1.37E+10,-4.22E+09,1.18E+10,1.52E+10,1.64E+10,1.57E+09,2.10E+10,2.75E+09,7.54E+09,2.28E+09,2.29E+10,3.17E+10,1.79E+10,-8.60E+09,1.76E+10,5.33E+09,6.86E+09,5.80E+08,7.35E+09,6.80E+09,1.33E+10,1.02E+10,1.94E+10,3.07E+10,5.01E+09,9.53E+09,2.08E+10,1.53E+10,2.04E+10,8.94E+09,1.62E+10,1.95E+10,9.50E+09,-2.25E+09,1.76E+10,9.71E+09,1.12E+10,-4.35E+09
Malaysia,"Direct investment, excluding exceptional financing",-2.34E+08,1.36E+08,2.48E+08,7.53E+08,-1.02E+09,4.29E+09,7.36E+08,1.99E+09,3.86E+09,4.54E+09,4.64E+09,4.42E+09,1.52E+09,3.94E+09,3.64E+09,1.90E+09,-5.75E+08,2.86E+09,2.36E+09,2.85E+09,3.22E+09,1.88E+09,3.86E+09,2.67E+09,2.21E+09,1.90E+09,4.50E+09,1.19E+09,2.27E+09,3.61E+09,2.63E+09,3.52E+09,3.71E+09,2.53E+09,1.94E+09,3.63E+09,1.26E+09,3.06E+09,1.11E+09,1.41E+09,2.73E+09,5.49E+09,6.02E+08,5.42E+08,2.52E+09,1.15E+09,7.58E+07,1.56E+09,1.27E+09,2.45E+09,4.07E+09,6.20E+09,7.53E+09,3.01E+09,4.70E+09,3.94E+09,3.38E+09,2.50E+09,1.04E+09,2.09E+09,2.28E+09,4.23E+09,2.06E+09,2.50E+09,6.81E+09
Sudan,"Direct investment, excluding exceptional financing",4.57E+08,6.42E+08,3.59E+08,4.39E+08,2.85E+08,3.37E+08,5.84E+08,5.87E+08,5.56E+08,3.26E+08,2.72E+08,6.58E+08,4.79E+08,5.34E+08,5.14E+08,6.55E+08,6.08E+08,3.92E+08,4.11E+08,4.49E+08,4.36E+08,2.91E+08,2.70E+08,3.24E+08,3.67E+08,3.10E+08,4.47E+08,4.56E+08,5.16E+08,3.50E+08,2.08E+08,2.27E+08,2.78E+08,2.22E+08,2.03E+08,2.83E+08,3.57E+08,2.41E+08,2.14E+08,2.81E+08,4.00E+08,2.67E+08,1.54E+08,1.90E+08,2.14E+08,1.62E+08,1.16E+08,1.84E+08,2.55E+08,1.34E+08,1.35E+08,1.07E+08,1.47E+08,1.11E+08,1.41E+08,1.68E+08,1.52E+08,,,,,,,,
Jordan,"Direct investment, excluding exceptional financing",2.34E+08,2.73E+08,8.07E+08,9.17E+08,4.15E+08,3.96E+08,4.89E+08,4.47E+08,3.56E+08,3.64E+08,4.80E+08,2.71E+08,3.72E+08,3.79E+08,3.97E+08,4.57E+08,3.14E+08,6.45E+08,4.56E+08,5.04E+08,3.41E+08,3.58E+08,7.89E+08,5.56E+08,4.75E+08,3.73E+08,3.59E+08,3.92E+08,4.76E+08,5.10E+08,3.56E+08,3.45E+08,3.42E+08,6.12E+08,6.24E+08,4.24E+08,3.70E+08,2.67E+08,2.73E+08,2.17E+08,1.98E+08,2.16E+08,2.16E+08,1.36E+08,1.62E+08,3.03E+08,1.36E+08,1.51E+08,1.70E+08,1.02E+08,1.76E+08,1.80E+08,1.64E+08,4.22E+08,1.96E+08,3.93E+08,2.41E+08,2.33E+08,2.62E+08,1.76E+08,1.72E+08,1.35E+08,3.64E+08,,
Norway,"Direct investment, excluding exceptional financing",1.56E+10,6.99E+08,7.14E+09,-3.01E+09,3.81E+09,6.93E+07,-1.41E+09,3.05E+09,1.99E+10,2.81E+09,1.40E+09,-4.14E+09,1.02E+10,1.02E+10,-5.18E+09,4.17E+09,1.87E+10,-1.06E+10,1.22E+07,7.03E+09,2.24E+09,1.93E+09,3.65E+09,4.12E+09,-6.46E+09,2.75E+09,3.20E+09,-5.92E+09,7.25E+09,1.30E+10,-2.63E+09,-2.79E+09,-2.63E+10,4.44E+09,2.15E+08,8.41E+08,4.09E+08,-7.65E+09,4.81E+08,6.18E+08,8.84E+08,6.23E+08,-5.75E+09,5.74E+09,1.57E+10,-2.41E+09,-2.51E+09,1.79E+09,-1.55E+08,3.41E+07,6.80E+09,4.18E+09,7.34E+09,-4.12E+09,7.90E+09,5.34E+09,5.16E+09,4.89E+09,-9.54E+08,-3.30E+09,1.32E+10,-2.17E+09,6.82E+09,-1.19E+09,9.18E+09
Russian Federation,"Direct investment, excluding exceptional financing",1.28E+10,8.78E+09,1.03E+10,1.19E+10,5.64E+09,8.15E+09,1.15E+10,7.51E+09,1.60E+10,1.57E+10,1.16E+10,1.16E+10,1.62E+10,1.28E+10,4.47E+09,1.65E+10,1.68E+10,4.01E+10,6.90E+09,1.35E+10,8.66E+09,1.14E+10,1.21E+10,-5.86E+07,-1.44E+09,2.27E+09,-4.69E+08,-2.27E+08,5.28E+09,6.39E+07,7.47E+09,4.28E+09,2.07E+10,5.28E+09,1.30E+10,8.08E+09,2.18E+09,7.79E+09,2.36E+09,-2.87E+09,1.51E+09,1.09E+10,6.03E+09,8.94E+09,6.10E+09,-3.76E+09,6.26E+09,2.43E+09,4.55E+09,5.91E+09,5.43E+09,1.60E+10,1.31E+10,-2.19E+10,-1.55E+10,-2.99E+09,5.72E+08,-8.29E+09,-5.87E+08,7.69E+08,-1.94E+09,-5.79E+09,-2.16E+09,-2.06E+09,1.90E+09
Zambia,"Direct investment, excluding exceptional financing",2.35E+08,1.74E+08,1.74E+08,1.74E+08,1.74E+08,7.28E+08,5.74E+08,-1.73E+08,6.00E+08,4.74E+08,4.42E+08,9.80E+07,9.45E+07,-2.82E+08,2.74E+08,1.34E+09,4.04E+08,2.53E+08,6.04E+08,6.21E+08,6.21E+08,5.42E+08,7.05E+07,4.48E+08,4.48E+08,3.84E+08,4.05E+08,3.97E+08,3.97E+08,3.39E+08,3.25E+08,-402711.7494,-402711.7494,1.53E+08,3.29E+08,-5.48E+07,6.81E+08,9.76E+07,3.37E+08,9443583.863,-3.52E+07,2.30E+08,1.83E+08,6263789.579,1.29E+08,-9.65E+07,-1756367.304,2.56E+08,8.76E+07,4.49E+08,-6.46E+08,4.72E+08,1.19E+08,3.70E+08,1.89E+07,3.70E+08,-8.24E+08,1.75E+08,7.53E+07,-6.45E+07,-9.97E+07,4.20E+08,5.81E+07,,
"Belarus, Republic of","Direct investment, excluding exceptional financing",1.40E+08,1.02E+09,9.88E+07,9.44E+07,6.66E+08,1.07E+09,1.18E+08,1.32E+08,7.77E+07,6.96E+08,3.11E+08,2.61E+08,2.73E+09,6.10E+08,1.78E+08,3.82E+08,2.95E+08,1.64E+09,3.52E+07,2.22E+08,3.46E+08,1.28E+09,4.22E+07,1.89E+08,3.50E+08,1.43E+09,-1.23E+07,9.45E+07,1.43E+08,1.08E+09,-1.62E+08,1.18E+08,2.07E+08,8.13E+08,5.41E+07,1.14E+08,2.95E+08,1.41E+09,-2.98E+08,1.44E+08,1.70E+08,1.22E+09,-1.60E+08,8200000,2.01E+08,1.47E+09,-1.42E+08,-5.38E+07,1.20E+08,1.34E+09,-2.09E+08,-1.13E+08,2.10E+08,1.88E+09,-9.16E+07,-1.21E+08,-6.57E+07,2.38E+09,-2.08E+08,-1.69E+08,-6803281.57,1.64E+09,-1.25E+08,5.86E+07,1.56E+08
Netherlands Antilles,"Direct investment, excluding exceptional financing",2.23E+07,1.84E+07,3.95E+07,2.63E+07,3.27E+07,2.06E+07,2.83E+07,8.89E+07,,,,,,,,,,,,,,,,,,,,,,,,,,,,,,,,,,,,,,,,,,,,,,,,,,,,,,,,,
"Gambia, The","Direct investment, excluding exceptional financing",1.45E+07,1.01E+07,9840285.477,9791116.409,9763020.011,9756935.705,9232492.349,9064465.388,9086994.372,9284343.638,9056917.169,8926183.737,8809691.537,8751726.9,1.63E+07,8149676.096,7969041.123,2.00E+07,1.44E+07,1.64E+07,1.75E+07,6213327.753,4674558.016,5530140.872,6596065.401,2.08E+07,1.88E+07,1.82E+07,1.42E+07,1.73E+07,1.99E+07,1.70E+07,1.56E+07,1.16E+07,1.81E+07,1.96E+07,1.51E+07,9425912.033,2.50E+07,2.42E+07,2.32E+07,1.80E+07,2.15E+07,1.45E+07,1.70E+07,2.44E+07,6.27E+07,4.92E+07,5.33E+07,5.92E+07,6.82E+07,6.47E+07,5.97E+07,5.49E+07,5.41E+07,6.37E+07,5.87E+07,6.31E+07,6.00E+07,4.83E+07,3.42E+07,4.68E+07,6.03E+07,5.48E+07,7.04E+07
Vanuatu,"Direct investment, excluding exceptional financing",1.43E+07,5723329.626,7535617.216,9679636.114,9202263.474,2.16E+07,7476482.482,1.87E+07,1.53E+07,1.33E+07,1.45E+07,2.05E+07,1.28E+07,8786882.15,1.15E+07,2.17E+07,1.84E+07,1.24E+07,1.68E+07,1.54E+07,1.48E+07,561706.5294,2088515.227,4147930.426,6468011.332,5196304.561,1.02E+07,1.34E+07,2245326.314,2944331.395,2264506.14,2.32E+07,1.58E+07,1.05E+07,9186594.036,5589421.364,1.30E+07,1.13E+07,9729729.73,8231325.013,8336028.698,1.48E+07,1.26E+07,1.76E+07,7775226.092,9741556.269,1.41E+07,1.23E+07,5017068.307,8729192.093,1.09E+07,1.29E+07,1.05E+07,7847523.45,-6646886.761,1.28E+07,-3260433.702,2957176.424,1721920.28,,,,,,
Georgia,"Direct investment, excluding exceptional financing",2.80E+08,8.18E+07,1.31E+08,1.59E+08,1.83E+08,1.66E+08,2.06E+08,1.93E+08,3.50E+08,2.26E+08,3.20E+08,3.17E+08,3.07E+08,3.13E+08,1.25E+08,2.61E+08,2.69E+08,2.79E+08,2.32E+08,2.76E+08,2.59E+08,3.36E+08,2.19E+08,7.43E+08,5.40E+08,3.44E+08,4.94E+08,5.38E+08,3.59E+08,3.94E+08,4.56E+08,5.10E+08,3.00E+08,4.19E+08,3.86E+08,6.46E+08,4.79E+08,3.35E+08,3.81E+08,3.72E+08,2.16E+08,3.18E+08,2.75E+08,4.11E+08,3.93E+08,1.79E+08,2.52E+08,2.57E+08,-1.44E+08,1.43E+08,3.22E+08,3.87E+08,4.20E+08,5.85E+08,3.93E+08,9.71E+08,3.37E+08,6.79E+08,5.22E+08,4.93E+08,3.93E+08,1.56E+08,5.97E+08,1.98E+08,4.16E+08
Lao People's Democratic Republic,"Direct investment, excluding exceptional financing",6.42E+07,1.21E+08,4.20E+07,8.38E+07,7.20E+07,3.46E+07,6.60E+07,9.19E+07,8.63E+07,1.64E+08,3.48E+07,3.92E+07,6.31E+07,1.98E+08,1.05E+08,1.65E+08,1.50E+08,1.33E+08,1.30E+08,1.98E+08,2.20E+08,1.90E+08,2.41E+08,1.95E+08,2.43E+08,8.54E+07,2.92E+08,3.10E+08,3.91E+08,1.76E+08,2.61E+08,1.69E+08,3.30E+08,4.86E+08,3.06E+08,3.25E+08,5.76E+08,4.11E+08,3.79E+08,2.77E+08,2.91E+08,2.31E+08,1.83E+08,1.67E+08,1.75E+08,3.69E+08,1.71E+08,1.81E+08,2.47E+08,3.68E+08,2.03E+08,2.93E+08,2.08E+08,2.07E+08,5.08E+07,2.08E+08,2.60E+08,2.07E+08,3.51E+08,8.29E+08,3.94E+08,3.61E+08,3.18E+08,,
"Tanzania, United Republic of","Direct investment, excluding exceptional financing",,,,,,,,,,,,,,4.50E+08,4.50E+08,4.50E+08,4.50E+08,5.22E+08,5.22E+08,5.22E+08,5.22E+08,3.54E+08,3.54E+08,3.54E+08,3.54E+08,3.90E+08,3.90E+08,3.63E+08,3.63E+08,2.16E+08,2.16E+08,2.16E+08,2.16E+08,2.34E+08,2.34E+08,2.34E+08,2.34E+08,2.43E+08,2.43E+08,2.43E+08,2.43E+08,3.04E+08,3.04E+08,3.04E+08,3.04E+08,2.36E+08,2.36E+08,2.36E+08,2.36E+08,2.98E+08,2.98E+08,2.98E+08,2.98E+08,3.59E+08,3.59E+08,3.59E+08,3.59E+08,4.07E+08,4.07E+08,4.07E+08,4.07E+08,4.29E+08,4.29E+08,,
Canada,"Direct investment, excluding exceptional financing",1.27E+10,4.06E+09,-6.00E+07,1.35E+10,3.40E+09,1.28E+10,9.48E+09,-4.46E+09,1.19E+10,1.42E+10,1.44E+10,7.39E+09,2.29E+09,1.44E+10,1.14E+10,1.05E+10,1.31E+10,2.25E+10,1.88E+10,1.68E+10,8.88E+09,1.82E+10,1.21E+10,1.54E+10,1.86E+10,8.18E+09,2.21E+10,2.77E+10,2.02E+09,7.00E+09,1.10E+10,6.85E+09,9.40E+09,7.46E+09,2.09E+09,9.06E+09,6.75E+09,1.04E+10,1.15E+10,7.72E+09,1.30E+10,1.04E+10,1.87E+10,1.04E+10,9.42E+09,9.11E+09,8.23E+09,8.76E+09,3.03E+09,1.81E+10,1.14E+10,1.36E+10,1.71E+10,1.54E+10,1.25E+10,1.03E+10,1.20E+10,1.38E+10,6.61E+09,2.10E+10,6.02E+08,-8.01E+09,3.13E+10,2.12E+10,1.43E+10
Guyana,"Direct investment, excluding exceptional financing",,,,,,,,,,,,,,,,,,,,,,,,,,,,,,1.66E+07,1.26E+07,1.37E+07,1.52E+07,2.61E+07,7.23E+07,4.67E+07,6.72E+07,2.55E+08,2.59E+08,3.20E+08,3.97E+08,3.75E+08,4.57E+08,5.67E+08,1.29E+09,3.84E+08,2.48E+08,3.41E+08,3.11E+08,1.15E+08,2.54E+08,-1.70E+08,2.04E+09,2.85E+08,-1.05E+09,-1.26E+09,-9.78E+08,-1.02E+09,1.03E+09,-7.96E+08,-3.48E+08,-1.37E+09,-1.53E+09,,
Belize,"Direct investment, excluding exceptional financing",2.79E+07,3.07E+07,2.71E+07,3.16E+07,1.95E+07,2.99E+07,2.77E+07,1.78E+07,2.11E+07,1.57E+07,2.81E+07,2.24E+07,2.91E+07,2.21E+07,1.43E+07,8.70E+07,7.08E+07,5200209.824,1.42E+07,1.93E+07,5.35E+07,3.07E+07,3.05E+07,2.49E+07,5.50E+07,2.35E+07,4.79E+07,-3.29E+07,2.06E+07,1.01E+07,4.32E+07,2.03E+07,-4.08E+07,2.43E+07,4.05E+07,665410.8755,-3.37E+07,3.92E+07,2.39E+07,3.52E+07,2.37E+07,2.22E+07,2.29E+07,3.08E+07,1.80E+07,2.15E+07,1.05E+07,2.07E+07,2.35E+07,2.08E+07,4.76E+07,2.36E+07,3.35E+07,4.60E+07,3.51E+07,3.33E+07,2.65E+07,2.90E+07,2.42E+07,1.71E+07,-5.42E+07,3.34E+07,3.77E+07,2.86E+07,2.87E+07
"Ethiopia, The Federal Democratic Republic of","Direct investment, excluding exceptional financing",3.90E+07,9878527.352,3.69E+07,1.31E+08,4.35E+07,9.64E+07,5.78E+07,3.90E+07,9.51E+07,7.10E+07,1.46E+08,2.69E+08,1.42E+08,6.82E+07,6.28E+07,6.91E+07,7.85E+07,4.19E+08,2.66E+08,2.76E+08,3.82E+08,3.56E+08,4.52E+08,4.65E+08,5.82E+08,5.61E+08,5.94E+08,6.90E+08,7.81E+08,9.09E+08,8.89E+08,1.42E+09,9.22E+08,9.20E+08,9.05E+08,8.64E+08,1.33E+09,8.11E+08,7.21E+08,6.89E+08,1.14E+09,6.22E+08,5.65E+08,7.00E+08,6.62E+08,5.61E+08,4.96E+08,6.32E+08,7.06E+08,7.25E+08,1.91E+09,8.17E+08,8.11E+08,8.06E+08,8.74E+08,9.06E+08,1.08E+09,6.90E+08,7.48E+08,7.66E+08,1.06E+09,,,,
Lebanon,"Direct investment, excluding exceptional financing",1.68E+09,6.84E+08,1.51E+09,7.97E+08,1.82E+09,8.49E+08,1.16E+09,9.76E+08,1.30E+09,2.39E+08,1.18E+09,5.39E+08,1.17E+09,5.40E+08,1.06E+09,7.74E+08,7.41E+08,4.84E+08,7.18E+08,6.22E+08,8.37E+08,8.16E+08,9.02E+08,5.20E+08,6.25E+08,4.64E+08,6.59E+08,6.44E+08,3.93E+08,6.22E+08,6.23E+08,6.00E+08,7.24E+08,7.47E+08,5.07E+08,6.57E+08,6.11E+08,7.90E+08,7.43E+08,6.46E+08,4.79E+08,6.09E+08,3.56E+08,3.93E+08,5.48E+08,7.70E+08,3.43E+08,2.62E+08,2.32E+08,5.96E+07,1.24E+08,8.65E+07,3.30E+08,1.52E+08,1.32E+08,1.27E+08,1.17E+08,2.74E+08,1.03E+08,1.53E+08,1.25E+08,,,,
"Uzbekistan, Republic of","Direct investment, excluding exceptional financing",1.28E+08,6.32E+07,1.46E+08,1.11E+08,2.93E+08,7.05E+08,4.93E+08,1.10E+08,3.55E+08,3.34E+08,2.53E+08,1.95E+08,8.33E+08,1.08E+08,2.71E+08,2.00E+08,1.66E+08,1.25E+08,1.65E+08,3.37E+08,6.42E+07,2.61E+07,3.29E+08,1.30E+08,3.24E+08,2.26E+08,1.72E+08,2.35E+08,4.08E+08,3.02E+08,3.68E+08,2.50E+08,7.43E+08,5.73E+08,4.50E+08,5.03E+08,2.72E+08,4.28E+08,-1742558.519,1.28E+08,7.08E+07,2.21E+08,8.32E+08,4.49E+08,8.14E+08,2.45E+08,4.48E+08,3.67E+08,6.68E+08,4.37E+08,8.89E+08,5.51E+08,4.03E+08,3.02E+08,5.94E+08,8.57E+08,9.04E+08,2.04E+08,9.61E+08,5.93E+08,3.99E+08,3.80E+08,7.67E+08,5.84E+08,1.11E+09
Saudi Arabia,"Direct investment, excluding exceptional financing",7.37E+08,1.09E+08,1.29E+08,1.28E+08,7.03E+07,6.52E+08,4.42E+08,1.67E+09,2.11E+09,1.89E+09,1.92E+09,3.47E+08,5.25E+08,8.08E+08,4.20E+08,6.63E+08,3.14E+09,1.15E+09,8.59E+08,9.03E+08,4.64E+08,3.74E+08,4.41E+08,5.06E+08,1.88E+08,9.21E+08,2.08E+09,4.25E+08,5.44E+08,6.58E+09,6.06E+09,5.24E+09,4.08E+09,3.43E+08,2.94E+08,1.40E+08,2.37E+08,2.69E+09,1.65E+09,3.91E+09,3.90E+09,4.43E+08,2.83E+08,1.25E+09,1.10E+09,3.75E+08,5.96E+08,4.70E+08,1.81E+08,2.09E+09,1.92E+10,4.01E+09,3.08E+09,1.76E+10,3.36E+09,3.07E+09,2.65E+09,4.34E+09,6.06E+09,5.62E+09,6.79E+09,4.13E+09,5.06E+09,4.67E+09,6.39E+09
Austria,"Direct investment, excluding exceptional financing",2.20E+09,5.98E+08,1.61E+09,3.88E+09,8.22E+09,5.56E+09,4.26E+09,-9.23E+08,-3.09E+10,1.23E+10,6.62E+09,-5.58E+09,9.64E+09,2.88E+09,-2.66E+09,1.11E+09,3.89E+09,1.03E+08,-3.25E+09,3.93E+09,-2.08E+09,2.59E+09,-9.34E+08,-3.63E+09,3.69E+09,-1.46E+09,5.02E+08,-1.81E+09,-4.08E+09,-2.67E+10,7.26E+09,1.06E+09,-1.02E+10,4.54E+09,-1.16E+09,4.16E+09,6.49E+09,6.31E+09,-4.52E+08,-3.79E+09,-2.99E+10,2.40E+09,3.49E+09,8.39E+09,-2.69E+10,6.02E+09,-3.00E+08,-1.34E+10,-4.27E+09,6.21E+09,-1.48E+09,4.28E+09,9.98E+09,7.84E+09,-7.24E+07,4.11E+09,2.42E+09,-9.98E+07,-1.28E+09,1.11E+08,4.19E+09,5.42E+09,1.45E+09,1.32E+08,2.30E+09
Cyprus,"Direct investment, excluding exceptional financing",3.81E+09,1.14E+09,,1.59E+09,5.25E+09,5.94E+09,8.40E+09,6.45E+09,1.15E+10,1.06E+10,1.58E+10,8.06E+09,7.48E+09,5.00E+10,6.74E+09,7.29E+09,8.59E+09,5.50E+09,7.90E+09,6.33E+09,6.17E+09,1.74E+10,1.13E+10,1.36E+10,1.18E+10,7.22E+09,8.18E+09,5.18E+09,6.73E+09,3.71E+09,-7.62E+08,1.05E+09,-6.65E+08,1.31E+10,8.24E+09,1.18E+10,9.14E+09,2.01E+10,1.43E+10,2.17E+10,2.30E+10,3.62E+10,2.55E+10,2.29E+10,2.86E+10,-8.09E+09,-3.17E+10,-2.43E+10,-1.16E+10,1.11E+10,1.98E+10,1.49E+10,-3.92E+10,-7.93E+09,-2.27E+09,1.47E+09,8.78E+09,-1.23E+10,-5.56E+09,5.49E+08,-3.94E+09,3.96E+09,-5.65E+08,-5.32E+09,-1.67E+10
"Egypt, Arab Republic of","Direct investment, excluding exceptional financing",,,,,,,,,,-1.64E+08,9.90E+07,4.40E+08,-8.58E+08,6.36E+08,1.86E+09,1.08E+08,1.93E+08,1.13E+09,9.95E+08,7.45E+08,1.32E+09,1.04E+09,1.01E+09,1.32E+09,1.25E+09,2.55E+09,1.27E+09,1.36E+09,1.76E+09,2.77E+09,1.05E+09,1.87E+09,2.41E+09,2.28E+09,1.37E+09,1.84E+09,1.92E+09,2.26E+09,1.70E+09,1.42E+09,2.77E+09,2.34E+09,1.71E+09,2.35E+09,2.61E+09,9.71E+08,1.52E+09,1.61E+09,1.75E+09,1.43E+09,4.27E+08,1.66E+09,1.60E+09,4.08E+09,1.59E+09,3.30E+09,2.43E+09,2.22E+09,2.09E+09,2.32E+09,3.21E+09,1.82E+10,2.24E+10,2.72E+09,3.33E+09
Portugal,"Direct investment, excluding exceptional financing",2.56E+09,-2605720.635,2.72E+09,4.17E+09,-1.13E+09,2.61E+09,1.19E+09,3.19E+09,2.01E+09,-7.25E+07,1.69E+09,4.46E+09,4.32E+09,4.91E+09,5.90E+09,3.30E+09,1.52E+09,1.06E+09,2.17E+09,5.77E+09,5.58E+09,-4.19E+08,5.37E+09,5.10E+09,2.46E+09,-1.01E+07,-8.70E+08,8.77E+08,1.27E+09,1.84E+09,1.21E+09,1.51E+09,2.80E+09,3.83E+09,4.98E+08,3.76E+09,3.00E+09,2.90E+09,1.60E+09,2.47E+09,1.43E+09,1.97E+09,2.61E+09,3.99E+09,2.25E+09,7.52E+08,-1.10E+09,1.47E+09,3.05E+09,-4.58E+07,2.48E+09,4.20E+09,2.61E+09,1.14E+09,2.89E+09,2.69E+09,6.35E+09,1.80E+09,4.54E+08,5.43E+09,3.75E+09,9.22E+08,3.64E+09,3.90E+09,4.72E+09
United Kingdom,"Direct investment, excluding exceptional financing",1.01E+11,-1.49E+09,-6.88E+10,5.76E+10,2.73E+10,1.72E+10,-8.85E+09,3.35E+10,2.49E+10,-1.26E+10,1.58E+10,1.84E+10,5.38E+09,1.98E+10,1.38E+10,2.02E+10,-6.98E+09,-2.65E+10,8.76E+10,-1.48E+09,-5.11E+09,1.22E+11,-3.93E+10,-2.44E+10,1.01E+09,5.24E+10,-3.13E+10,1.67E+09,2.25E+10,8.97E+10,4.65E+10,7.42E+10,1.14E+11,3.68E+10,2.63E+10,5.20E+10,1.03E+10,2.72E+09,-3.41E+10,-2.67E+10,3.29E+10,-1.96E+10,2.76E+10,3.56E+10,-2.39E+10,7.31E+10,3.38E+10,1.98E+10,3.05E+10,9.56E+09,3.10E+10,-2.39E+10,-1.15E+10,2.06E+10,2.08E+10,4.18E+10,-3.83E+10,2.26E+10,3.12E+09,-1.56E+10,3.65E+09,5.34E+09,-9.56E+09,5.49E+09,2.24E+09
Singapore,"Direct investment, excluding exceptional financing",3.33E+09,4.47E+09,5.43E+09,4.89E+09,8.82E+09,1.02E+10,1.35E+10,1.45E+10,1.73E+10,9.69E+09,1.11E+10,1.44E+10,1.40E+10,7.25E+09,1.74E+10,1.27E+10,1.81E+10,1.82E+10,1.28E+10,1.79E+10,1.54E+10,2.29E+10,1.34E+10,1.52E+10,1.72E+10,1.67E+10,1.89E+10,1.86E+10,1.57E+10,9.50E+09,2.26E+10,1.22E+10,2.09E+10,3.23E+10,1.29E+10,3.18E+10,2.49E+10,2.36E+10,1.90E+10,2.58E+10,1.50E+10,2.33E+10,2.10E+10,2.81E+10,3.41E+10,2.46E+10,1.72E+10,1.63E+10,2.17E+10,3.85E+10,4.11E+10,3.45E+10,3.14E+10,3.72E+10,3.28E+10,3.29E+10,4.68E+10,2.94E+10,3.32E+10,2.70E+10,4.29E+10,4.08E+10,3.17E+10,3.38E+10,4.56E+10
Algeria,"Direct investment, excluding exceptional financing",,,,,,,,,,,,,,,,,,,,,,4.28E+08,3.22E+08,3.43E+08,4.09E+08,-1.98E+09,7.94E+08,2.65E+08,3.84E+08,3.52E+08,4.93E+08,4.28E+08,3.65E+08,2.78E+08,3.22E+08,2.94E+08,3.37E+08,3.47E+08,3.12E+08,3.59E+08,4.48E+08,4.70E+08,2.82E+08,2.95E+08,3.34E+08,3.10E+08,1.96E+08,2.26E+08,4.12E+08,2.26E+08,1.92E+08,1.59E+08,2.92E+08,1.61E+08,2.01E+08,1.43E+08,4.29E+08,3.27E+08,2.89E+08,1.57E+08,4.43E+08,3.46E+08,1.09E+08,5.36E+07,
Rwanda,"Direct investment, excluding exceptional financing",,,,,,,,,,,,,,,,,,,,,,,,,,,,,,,,,,6.94E+07,7.83E+07,6.35E+07,6.29E+07,9.29E+07,1.04E+08,7.94E+07,9.01E+07,5.74E+07,6.64E+07,7.01E+07,6.93E+07,7.42E+07,4.81E+07,1.84E+07,1.19E+07,3.58E+07,5.87E+07,5.84E+07,5.90E+07,6.48E+07,6.49E+07,8.43E+07,9.11E+07,8.72E+07,8.95E+07,1.36E+08,1.46E+08,1.71E+08,1.18E+08,,
"Lithuania, Republic of","Direct investment, excluding exceptional financing",3.88E+08,-3.45E+08,6.24E+07,-1.16E+08,3.80E+07,4.31E+08,-1.76E+08,5.82E+08,2.66E+08,4.63E+08,5.64E+08,4.47E+08,4.08E+08,4.44E+08,-5.92E+08,7.19E+08,1.06E+08,5.51E+08,1.51E+08,2.19E+08,-1.53E+08,2.40E+08,-2.24E+07,-2.14E+08,3.53E+08,2.34E+08,2.05E+08,2.69E+08,3.30E+08,-3.76E+08,5.71E+08,4.65E+08,5.16E+08,-6.71E+07,3.61E+08,6.41E+08,4.48E+08,4.69E+08,1.35E+08,5.14E+08,1.81E+08,4.48E+08,2.22E+09,5.90E+08,1.75E+08,3.29E+08,2.76E+09,4.91E+08,9.79E+08,3.06E+08,2.30E+08,1.05E+09,9.26E+08,2.13E+09,-2.30E+09,1.14E+09,1.45E+09,1.18E+09,4.37E+08,1.08E+09,1.13E+09,4.09E+08,7.81E+08,1.38E+09,1.02E+09
"Eswatini, Kingdom of","Direct investment, excluding exceptional financing",,,,,,,,,,-5.68E+07,2.23E+07,4.74E+07,8.59E+07,-8072793.794,-4.18E+07,5381907.391,7.10E+07,1.85E+07,-3.16E+07,7.27E+07,2.23E+07,1.03E+07,-3012895.302,2.43E+07,-5790134.886,-1.64E+07,-4.96E+07,5.42E+07,4.33E+07,-1.99E+07,-2.26E+07,3.08E+07,3.86E+07,-1.84E+08,1.78E+07,5.23E+07,5.61E+07,-2.57E+07,6958121.785,5.51E+07,-5268696.511,-5.36E+07,1.13E+08,5.23E+07,1.65E+07,-3.14E+07,-4.04E+07,5.15E+07,5.91E+07,4.73E+07,-4.00E+07,4.18E+07,6.37E+07,-4.35E+07,4.26E+07,2.03E+07,-6096765.456,-1.15E+07,-1.84E+07,94009.28088,5.79E+07,,,,
France,"Direct investment, excluding exceptional financing",1.35E+10,-1.60E+09,1.87E+10,-1.19E+10,1.32E+10,6.88E+09,-3.70E+09,1.56E+10,2.01E+10,7.14E+09,1.39E+10,-6.87E+08,2.38E+10,2.11E+10,1.45E+10,-3.90E+09,1.21E+09,1.26E+10,2.51E+09,1.19E+10,6.48E+09,7.14E+09,4.87E+09,-1.09E+10,4.00E+09,5.67E+09,1.44E+10,9.89E+09,1.32E+10,3.19E+10,4.97E+09,-2.57E+09,1.32E+09,2.45E+10,7.71E+09,-5.68E+09,1.72E+10,1.59E+10,2.03E+10,1.63E+08,4.11E+10,1.99E+10,1.80E+10,3.89E+09,1.17E+10,-1.17E+10,2.21E+09,9.21E+09,1.96E+10,3.99E+10,1.54E+10,1.70E+10,2.56E+10,2.92E+10,2.34E+10,2.83E+10,3.14E+10,2.98E+10,5.33E+09,-4.97E+09,-1.21E+10,1.84E+10,7.39E+08,2.77E+09,3.01E+10
Bulgaria,"Direct investment, excluding exceptional financing",1.95E+09,9.41E+08,8.62E+08,8.32E+08,1.26E+09,3.60E+08,8.14E+08,-3.40E+08,1.01E+09,7.02E+07,3.97E+08,5.42E+08,1.09E+09,9.57E+08,4.80E+08,4.07E+08,-5.56E+07,6.80E+08,6.08E+08,4.84E+08,2.16E+08,5.78E+08,5.72E+08,-2.65E+08,2.08E+08,8.86E+08,5.85E+08,5.32E+08,2.19E+08,4.40E+08,7.87E+08,4.08E+08,-1.47E+08,4.23E+08,1.31E+08,4.43E+08,1.01E+09,2.69E+08,6.28E+08,6.04E+08,3.09E+08,6.53E+08,2.35E+08,8.53E+08,4.80E+08,7.91E+08,7.73E+08,1.70E+09,4.39E+07,9.21E+08,8.61E+08,6.21E+08,-6.84E+07,2.75E+09,-3.12E+07,1.68E+09,6.60E+08,2.81E+09,3.78E+08,2.25E+09,1.42E+08,7.77E+08,7.62E+08,1.01E+09,9.48E+08
"Kazakhstan, Republic of","Direct investment, excluding exceptional financing",2.80E+09,2.08E+09,2.82E+09,5.88E+09,3.49E+09,3.65E+09,4.21E+09,2.69E+09,-3.09E+09,4.23E+09,3.08E+09,5.51E+09,9.43E+08,5.37E+09,2.65E+09,4.06E+09,1.56E+09,3.92E+09,1.78E+09,2.19E+09,2.12E+09,1.85E+09,2.00E+09,4.06E+09,-5.98E+08,2.54E+09,1.18E+09,1.41E+09,1.45E+09,2.49E+09,5.29E+09,7.30E+09,2.14E+09,2.49E+09,2.27E+09,3.82E+08,-3.90E+08,9.96E+08,-2.27E+08,6.80E+08,-1.10E+09,2.56E+09,-1.30E+09,1.23E+09,1.24E+09,1.54E+09,3.29E+09,1.29E+09,1.09E+09,6.34E+08,1.33E+09,1.93E+09,6.73E+08,1.93E+09,1.69E+09,4.69E+09,-3.23E+09,3.29E+09,1.78E+09,7.17E+08,3.19E+07,2.85E+09,4.19E+08,-1.72E+09,-2.22E+09
New Zealand,"Direct investment, excluding exceptional financing",8.48E+08,4.48E+08,-6.34E+08,-1.95E+08,3.28E+08,2.17E+08,-4.82E+08,-5.25E+08,1.08E+09,1.00E+09,1.39E+09,832047.1465,-1.02E+09,8.65E+08,3.02E+08,2.24E+09,4.37E+08,3.89E+08,-1.23E+09,6.64E+08,1.07E+08,8.74E+08,8.14E+08,-7.29E+08,2.29E+09,7.32E+08,5.21E+08,-2.78E+08,-1.05E+09,1.52E+09,-3.11E+08,1.06E+08,6.89E+08,8.26E+08,1.00E+09,-5.34E+08,1.10E+09,5.27E+08,-1.06E+09,1.29E+09,1.75E+09,-5.78E+08,3.19E+09,3.35E+08,-2.83E+07,8.30E+08,3.71E+08,1.12E+09,1.81E+09,2.64E+09,1.27E+09,-5.38E+08,1.17E+09,1.86E+09,3.66E+09,1.32E+09,1.50E+09,9.54E+08,1.10E+08,1.07E+09,1.46E+09,1.17E+09,1.38E+09,-1.05E+09,1.87E+09
Panama,"Direct investment, excluding exceptional financing",7.86E+08,4.11E+08,2.70E+08,2.25E+08,1.79E+08,9.72E+08,6.28E+08,1.27E+08,8.23E+08,1.11E+09,1.39E+09,1.10E+09,8.01E+08,1.12E+09,7.74E+08,1.04E+09,4.54E+08,1.38E+09,7.17E+08,9.15E+08,7.86E+08,1.28E+09,1.16E+09,1.19E+09,1.35E+09,1.38E+09,1.46E+09,1.23E+09,1.05E+09,1.45E+09,1.48E+09,1.52E+09,8.02E+08,1.22E+09,1.28E+09,1.16E+09,4.24E+08,6.85E+08,2.37E+09,1.09E+09,8.66E+08,1.14E+09,1.99E+09,1.17E+09,3.82E+08,3.14E+08,-9.38E+08,-5.38E+08,-4.70E+08,-2.52E+08,4.50E+08,5.87E+08,1.05E+09,1.07E+08,1.04E+09,6.25E+08,6.92E+08,7.52E+08,7.71E+08,9.79E+07,7.67E+08,1.22E+09,7.93E+08,7.09E+08,5.23E+08
Trinidad and Tobago,"Direct investment, excluding exceptional financing",,,,,,,,,,,,,,,,,,,,,,,,,,4.85E+08,-4.47E+08,2.14E+08,-7.52E+07,3.08E+08,-3.01E+08,-1.36E+07,-1.72E+07,1.22E+08,4.45E+07,3.43E+07,-6.72E+08,-3.62E+07,-6.06E+07,-3.95E+08,-2.09E+08,-2.90E+07,6122878.986,1.65E+08,4.18E+07,-2.24E+08,6.60E+08,2.78E+08,3.42E+08,-1.25E+09,1.45E+08,4.66E+08,-2.97E+08,-1.04E+08,-2.38E+08,7.11E+07,-6.42E+08,-7.57E+08,-7.90E+07,-5.38E+07,-6.66E+08,-2.76E+08,-2.86E+08,-2.50E+08,-2.30E+08
Malta,"Direct investment, excluding exceptional financing",3.36E+09,4.00E+08,1.06E+08,4.58E+08,4.81E+08,1.96E+09,2.68E+09,2.60E+09,2.00E+09,1.71E+09,1.72E+09,2.46E+09,1.92E+09,7.23E+08,6.99E+08,9.06E+08,9.96E+08,1.33E+08,1.02E+09,1.11E+09,-1.75E+09,-8.63E+08,-1.60E+09,1.31E+09,1.31E+09,1.17E+09,9.04E+07,1.01E+09,1.37E+09,7.80E+08,5.43E+08,5.14E+08,9.39E+08,1.33E+10,9.38E+09,9.71E+09,1.01E+10,1.86E+10,1.91E+10,1.85E+10,1.68E+10,7.74E+09,8.16E+09,8.17E+09,8.31E+09,7.27E+09,7.74E+09,7.91E+09,8.57E+09,2.08E+10,2.23E+10,2.20E+10,2.06E+10,6.65E+09,5.69E+09,5.78E+09,6.14E+09,5.98E+09,6.46E+09,6.13E+09,6.58E+09,1.00E+10,1.04E+10,1.09E+10,1.13E+10
Argentina,"Direct investment, excluding exceptional financing",1.63E+09,1.67E+09,3.46E+08,6.85E+08,1.32E+09,3.59E+09,1.90E+09,3.16E+09,2.68E+09,3.64E+09,1.04E+09,1.72E+09,4.44E+09,4.67E+09,3.84E+09,3.16E+09,3.65E+09,2.19E+09,3.25E+09,2.83E+09,1.55E+09,1.13E+09,-1.50E+09,2.43E+09,3.00E+09,3.51E+09,3.36E+09,2.70E+09,2.18E+09,2.11E+09,6.97E+08,8.82E+08,-4.27E+08,3.51E+09,2.29E+09,3.33E+09,2.39E+09,2.95E+09,2.66E+09,3.15E+09,2.95E+09,2.38E+09,7.15E+08,1.60E+09,1.96E+09,1.84E+09,-1.20E+08,1.57E+09,1.59E+09,2.55E+09,1.96E+09,7.41E+08,1.40E+09,3.49E+09,4.80E+09,5.98E+09,9.34E+08,4.39E+09,6.01E+09,6.86E+09,7.50E+09,6.26E+09,2.18E+09,3.11E+09,9.01E+07
"Korea, Republic of","Direct investment, excluding exceptional financing",3.33E+09,2.07E+09,2.66E+09,8.63E+08,3.42E+09,2.25E+09,2.91E+09,7.16E+08,3.62E+09,2.33E+09,2.89E+09,1.55E+09,3.00E+09,2.79E+08,4.04E+09,1.16E+09,4.01E+09,2.28E+09,5.06E+09,2.36E+09,3.06E+09,3.39E+09,1.58E+09,2.02E+09,2.28E+09,9.96E+08,1.13E+08,2.28E+09,7.20E+08,7.92E+07,4.58E+09,2.92E+09,4.52E+09,4.87E+09,3.22E+09,3.49E+09,6.33E+09,3.28E+09,3.94E+09,7.72E+08,4.20E+09,1.55E+09,2.82E+09,3.85E+08,4.88E+09,2.34E+09,1.23E+09,5.98E+08,4.60E+09,3.19E+09,8.34E+09,3.70E+09,6.83E+09,7.03E+09,3.85E+09,7.89E+09,6.28E+09,6.00E+09,1.55E+09,6.31E+09,5.18E+09,2.89E+09,1.89E+09,6.73E+09,3.71E+09
"Tajikistan, Republic of","Direct investment, excluding exceptional financing",1.14E+08,1.95E+07,1.07E+07,1.19E+07,1.07E+08,2.83E+07,3.93E+07,1.61E+07,1.02E+07,2.88E+07,2.79E+07,9502090,7.97E+07,3.36E+07,5.20E+07,7.09E+07,8.53E+07,5.05E+07,3.35E+07,7.83E+07,1.21E+08,8.03E+07,7.73E+07,1.33E+08,3.58E+07,9.53E+07,1.34E+08,9.60E+07,1.29E+08,1.20E+08,6.08E+07,3.14E+07,2.95E+07,1.96E+07,1.19E+08,3.81E+07,9173360,3.85E+07,2.07E+08,1753480,-2.67E+07,4.58E+07,1.40E+08,1579430,2.54E+07,2.96E+07,3488810,-3007480,7.65E+07,-2.26E+07,6.44E+07,2.05E+07,2.18E+07,1.98E+08,1.45E+08,-4.39E+07,-1.25E+08,7.44E+07,2.25E+07,1.18E+07,3.19E+07,8.41E+07,-1993128.681,1.29E+08,8.07E+07
Tunisia,"Direct investment, excluding exceptional financing",,,,,,,,,,,,,,,,,,,,,,,,,,,,,,,,,,,,,,2.18E+08,1.97E+08,2.36E+08,3.40E+08,1.95E+08,2.09E+08,2.23E+08,1.88E+08,1.71E+08,1.43E+08,1.35E+08,1.74E+08,3.89E+07,2.16E+08,1.38E+08,1.54E+08,1.86E+08,1.35E+08,1.77E+08,1.45E+08,1.94E+08,1.33E+08,2.01E+08,1.99E+08,,,,
Cabo Verde,"Direct investment, excluding exceptional financing",3.63E+07,2.92E+07,2.77E+07,3.97E+07,2.93E+07,2.27E+07,2.72E+07,2.26E+07,4.37E+07,3.77E+07,2.62E+07,-4244087.595,4.25E+07,1.53E+07,1.40E+07,3.58E+07,6.28E+07,1023254.518,9602953.146,1.70E+07,6.17E+07,1.53E+07,2.38E+07,1.08E+08,3.38E+07,2.51E+07,1.90E+07,2.35E+07,2.84E+07,1.80E+07,3.25E+07,4.80E+07,2.78E+07,2.12E+07,2.88E+07,2.42E+07,3.74E+07,2.73E+07,3.25E+07,2.40E+07,1.97E+07,3.46E+07,1.24E+07,4.91E+07,2.68E+07,2.37E+07,9740326.151,1.79E+07,1.62E+07,1.68E+07,2.83E+07,3.58E+07,1.05E+07,2.74E+07,3.17E+07,3.66E+07,2.63E+07,3.31E+07,2.56E+07,7.14E+07,2.86E+07,2.70E+07,2.44E+07,2.91E+07,2.83E+07
"Lesotho, Kingdom of","Direct investment, excluding exceptional financing",2259743.004,1.89E+07,2.25E+07,2.45E+07,2.55E+07,2314381.225,2303721.422,2375244.349,2515321.863,1.58E+07,1.63E+07,1.55E+07,1.37E+07,1.50E+07,1.43E+07,1.40E+07,1.34E+07,1.36E+07,1.28E+07,1.22E+07,1.19E+07,1.16E+07,2.17E+07,3.26E+07,2.85E+07,2.92E+07,2.93E+07,2.96E+07,2.51E+07,2.34E+07,2.05E+07,1.86E+07,1.68E+07,9864775.036,9484833.517,1.36E+07,9204654.791,1.16E+07,1.05E+07,9439315.158,9333310.981,9206928.74,8968502.509,8789373.84,8767790.726,7905987.515,6756745.509,7174225.508,6164708.389,6225289.21,5495203.025,-2.13E+07,-2797678.285,-1.72E+07,793905.9238,7183661.827,1363173.662,7791558.408,3877992.197,-1.66E+07,-2.07E+07,-7937609.993,-1.32E+07,-1.20E+07,2.06E+07
Colombia,"Direct investment, excluding exceptional financing",2.90E+09,2.29E+09,2.79E+09,1.96E+09,9.96E+08,1.21E+09,1.94E+09,2.35E+09,9.31E+08,3.11E+09,3.10E+09,3.78E+09,4.65E+09,3.53E+09,4.23E+09,3.33E+09,3.95E+09,3.67E+09,4.02E+09,4.71E+09,3.81E+09,3.79E+09,4.95E+09,3.67E+09,3.76E+09,3.25E+09,4.07E+09,2.20E+09,2.11E+09,4.68E+09,3.66E+09,2.24E+09,3.28E+09,2.46E+09,2.49E+09,4.96E+09,3.79E+09,1.98E+09,3.77E+09,2.70E+09,2.84E+09,3.39E+09,4.09E+09,3.16E+09,3.34E+09,3.17E+09,1.37E+09,8.44E+08,2.07E+09,2.31E+09,2.00E+09,2.71E+09,2.55E+09,4.93E+09,5.04E+09,3.11E+09,4.09E+09,4.16E+09,5.33E+09,3.84E+09,3.46E+09,3.68E+09,2.81E+09,3.35E+09,4.43E+09
Iceland,"Direct investment, excluding exceptional financing",1.23E+08,-1.48E+08,6.52E+08,9.22E+07,-5.33E+08,1.04E+08,-3.46E+07,-8773483.619,1.97E+08,3.52E+08,2.35E+08,2.61E+08,2.59E+08,4.09E+08,2.37E+08,1.31E+08,2.47E+08,4410899.684,3.10E+07,3.09E+08,1.28E+08,1.27E+08,2.99E+08,2.86E+08,5.40E+07,7.69E+08,-6.28E+08,1.31E+08,8.74E+08,1.20E+08,-6.76E+08,1.60E+08,-6.70E+08,-3.70E+08,-2.19E+08,-5.23E+09,-1.18E+09,-3.34E+08,-7.04E+07,-3.71E+08,1.52E+08,-4.86E+08,-1.30E+08,7.95E+07,-2.03E+07,-3.21E+08,-4.17E+07,-6.62E+08,1.46E+08,-2.81E+08,1.93E+07,2.69E+08,4.58E+08,-2.60E+08,7.46E+08,8.21E+08,2.74E+07,1.69E+08,-2.85E+08,1.62E+09,5.04E+08,9.66E+07,1.31E+08,2.66E+08,2.75E+09
"Latvia, Republic of","Direct investment, excluding exceptional financing",-3.14E+08,2.48E+07,-3.08E+08,1.24E+08,8867658.462,3.04E+07,7.75E+07,2.03E+08,1.64E+08,3.93E+08,3.90E+08,4.90E+08,2.47E+08,3.51E+08,1.49E+08,3.51E+08,2.30E+08,2.75E+08,2.46E+08,1.17E+08,3.52E+08,3.85E+08,1.63E+08,2.35E+08,2.62E+08,2.96E+08,1.39E+08,3.40E+08,3.72E+07,-5.95E+07,-2.03E+07,2.84E+08,1.32E+08,1.77E+08,1.63E+08,4.80E+08,3.70E+08,1.39E+08,-2.10E+08,4.65E+07,4.63E+08,2.07E+08,1.09E+08,4.26E+08,3.74E+08,2.28E+08,1.16E+08,3.39E+08,2.56E+08,6.23E+08,6.10E+08,5.78E+08,1.92E+09,1.03E+08,4.33E+08,5.92E+08,8.88E+07,2.78E+08,5.14E+08,7.56E+08,1.41E+08,1.37E+08,1.60E+08,4.26E+08,5.64E+08
"Slovenia, Republic of","Direct investment, excluding exceptional financing",4.00E+08,3.05E+07,-3.37E+08,-8.28E+07,4.27E+07,-1.27E+08,2.20E+07,-1.71E+08,5.96E+08,3.73E+07,1.71E+08,1.55E+08,5.13E+08,2.04E+07,8.29E+07,7083885.991,-7.68E+07,3.18E+07,-1.91E+08,-2.79E+07,2.91E+08,3.60E+07,7.83E+08,4.08E+08,-2.08E+08,4.95E+08,3.86E+08,2.76E+08,5.73E+08,5.01E+08,5.03E+08,3.95E+08,4.73E+07,3.92E+08,2.33E+08,2.42E+08,3.29E+08,3.46E+08,2.56E+08,5.63E+08,3.73E+08,8.58E+08,2.51E+08,2.66E+08,7.76E+08,3.05E+07,2.40E+08,1.62E+08,7.36E+07,4.40E+08,1.08E+09,6.20E+08,8.27E+07,6.64E+08,8.19E+08,4.83E+08,2.13E+08,5.06E+08,5.58E+08,3.03E+08,8.04E+07,6.72E+08,3.81E+08,4.62E+08,4.37E+08
Indonesia,"Direct investment, excluding exceptional financing",1.94E+09,1.90E+09,1.45E+09,9.87E+08,5.40E+08,3.55E+09,3.43E+09,3.18E+09,5.13E+09,6.13E+09,5.56E+09,3.93E+09,4.95E+09,3.39E+09,4.76E+09,6.72E+09,6.33E+09,5.29E+09,5.54E+09,7.19E+09,5.26E+09,4.89E+09,6.65E+09,8.02E+09,5.55E+09,5.71E+09,7.26E+09,2.87E+09,3.94E+09,3.20E+09,4.55E+09,6.13E+09,-9.33E+09,3.02E+09,4.23E+09,8.10E+09,5.17E+09,5.42E+09,4.12E+09,6.80E+09,2.57E+09,6.73E+09,7.37E+09,5.86E+09,5.03E+09,5.01E+09,5.21E+09,3.74E+09,5.20E+09,5.45E+09,6.19E+09,4.61E+09,4.97E+09,5.93E+09,7.96E+09,5.59E+09,5.22E+09,6.33E+09,5.42E+09,4.64E+09,5.16E+09,6.52E+09,4.50E+09,7.34E+09,5.78E+09
Angola,"Direct investment, excluding exceptional financing",,,,,,,,,,,,,,-1.08E+08,-1.28E+09,-2.85E+08,2.08E+08,-1.09E+09,-1.70E+09,-4.49E+09,1.57E+08,6.04E+08,8.13E+08,1.66E+09,5.78E+08,2.61E+09,2.44E+09,2.45E+09,2.52E+09,1.27E+09,-2.94E+08,-7.42E+08,-4.09E+08,-1.86E+09,-1.43E+09,-1.78E+09,-2.33E+09,-1.29E+09,-1.34E+09,-1.67E+09,-2.15E+09,-8.42E+08,-1.38E+09,-1.24E+09,-6.40E+08,-4.22E+08,-4.04E+07,-4.42E+08,-9.62E+08,-2.56E+08,-6.40E+08,-9.10E+08,-2.55E+09,-1.63E+09,-2.12E+09,-1.66E+09,-1.19E+09,-5.96E+08,-4.25E+08,-7.08E+08,-3.91E+08,-6.78E+08,4.68E+08,-8.88E+08,-1.22E+07
Kiribati,"Direct investment, excluding exceptional financing",,,,,,,,,,,,,,,,,,652310.9512,621890.1355,-1180150.728,744087.5941,-1300589.356,1238369.208,1375610.253,1318754.333,321328.7868,-1052265.273,-513010.1971,424122.3301,-741979.7591,-53374.71862,1243333.09,1358985.304,-539917.7739,-431995.2794,950222.9132,806487.395,369719.035,-306089.493,-2075272.304,867278.0453,-592976.6898,12081.02376,-321811.1194,344426.2832,670165.4542,-572952.0069,2139765.857,387113.5345,474425.7504,389520.6825,-1650023.382,1817452.911,3701241.727,1121690.252,-2675368.516,2122603.664,5075044.522,2120203.417,-4093861.165,2009235.924,7755963.799,2216925.931,-3841419.904,1941307.55
"Türkiye, Republic of","Direct investment, excluding exceptional financing",4.30E+09,2.60E+09,2.02E+09,2.17E+09,1.80E+09,1.54E+09,1.71E+09,2.28E+09,3.58E+09,4.38E+09,2.51E+09,4.60E+09,4.69E+09,4.83E+09,3.96E+09,2.33E+09,2.63E+09,3.05E+09,2.41E+09,3.85E+09,4.26E+09,4.57E+09,2.88E+09,2.70E+09,3.19E+09,4.47E+09,3.30E+09,6.49E+09,5.00E+09,2.95E+09,2.87E+09,3.95E+09,4.07E+09,2.82E+09,2.11E+09,2.91E+09,3.36E+09,2.26E+09,2.70E+09,3.17E+09,4.31E+09,2.92E+09,2.13E+09,1.98E+09,2.48E+09,2.42E+09,6.64E+08,1.98E+09,2.46E+09,1.70E+09,2.16E+09,5.45E+09,3.37E+09,2.00E+09,5.30E+09,2.87E+09,3.62E+09,2.79E+09,2.37E+09,1.84E+09,3.66E+09,1.34E+09,3.31E+09,2.89E+09,3.72E+09
Ireland,"Direct investment, excluding exceptional financing",-1.24E+10,6.06E+08,1.41E+10,1.87E+10,2.06E+10,1.77E+10,1.28E+10,2.05E+09,5.28E+09,3.71E+10,5.54E+09,-2.08E+08,-1.88E+10,1.42E+10,1.24E+10,1.98E+10,1.17E+10,3.84E+10,5.83E+09,7.42E+09,2.09E+10,4.97E+09,2.53E+10,2.83E+10,4.64E+10,1.58E+10,4.03E+10,4.08E+09,1.66E+11,5.47E+10,6.52E+09,-6.92E+09,2.55E+10,1.03E+10,1.22E+11,1.76E+10,-7.88E+10,6.47E+10,-6.15E+10,1.04E+10,6.69E+10,-1.05E+11,6.06E+10,-1.17E+10,8.72E+10,3.18E+10,1.38E+10,-1.64E+09,-8.60E+09,4.77E+09,1.42E+10,3.94E+10,1.93E+10,-6.08E+09,-2.57E+10,2.54E+10,-2.93E+10,-3.26E+10,-1.11E+11,3.82E+10,-3.48E+10,1.82E+10,-4.80E+10,-4.24E+09,
Djibouti,"Direct investment, excluding exceptional financing",,,,,,,,,,,,,,,,,,,,,,,,,,,,,,,,,,,,,,,,,,5.09E+07,2.18E+07,2.08E+07,8.16E+07,5.58E+07,4.06E+07,3.60E+07,2.59E+07,,,,,4.87E+07,4.67E+07,4.63E+07,4.53E+07,1.40E+07,7.58E+07,4.72E+07,0,1.27E+07,1.48E+07,2.68E+07,1.36E+07
Australia,"Direct investment, excluding exceptional financing",1.67E+10,3.25E+09,4.97E+09,8.99E+09,1.17E+10,9.14E+09,6.89E+09,6.84E+09,1.27E+10,2.87E+09,1.68E+10,2.01E+10,2.58E+10,1.12E+10,7.92E+09,1.53E+10,2.32E+10,9.84E+09,1.35E+10,1.24E+10,1.87E+10,6.06E+09,1.24E+10,1.94E+10,2.53E+10,1.13E+10,1.25E+10,1.39E+10,9.16E+09,1.14E+10,1.02E+10,8.50E+09,1.29E+10,9.52E+09,1.53E+10,1.63E+10,7.10E+09,1.28E+10,2.79E+10,1.12E+10,8.76E+09,7.63E+09,1.70E+10,8.54E+09,5.54E+09,7.72E+09,4.23E+09,3.15E+09,2.87E+09,3.82E+09,1.65E+09,8.71E+09,1.73E+10,4.64E+10,5.98E+09,2.21E+10,-4.04E+09,8.91E+09,-1.11E+09,8.09E+09,1.72E+10,1.71E+10,7.91E+09,1.67E+10,1.25E+10
Nigeria,"Direct investment, excluding exceptional financing",,,,,,,,,,,,,,,,,,,,,,1.13E+09,1.38E+09,1.16E+09,1.03E+09,7.23E+08,6.25E+08,1.21E+09,5.02E+08,6.27E+08,6.66E+08,1.14E+09,1.02E+09,6.18E+08,5.99E+08,5.08E+08,6.89E+08,3.78E+08,1.62E+08,1.76E+08,5.87E+07,1.04E+09,7.66E+08,2.50E+08,2.48E+08,2.76E+08,8.95E+08,7.75E+08,4.39E+08,1.44E+09,1.56E+09,2.74E+08,4.20E+07,3.89E+07,-1.47E+09,4.96E+08,7.53E+08,-4.35E+08,7.19E+08,8.74E+08,7.14E+08,-3.11E+08,5.17E+08,5.67E+08,3.08E+08
"Mauritania, Islamic Republic of","Direct investment, excluding exceptional financing",,,,,,,,,,,,,,3.27E+08,2.66E+08,2.91E+08,5.02E+08,2.70E+08,2.81E+08,2.67E+08,3.08E+08,1.42E+08,1.74E+08,7.79E+07,1.08E+08,1.23E+08,1.21E+08,1.26E+08,1.32E+08,6.60E+07,7.66E+07,4.58E+07,8.28E+07,1.07E+08,1.11E+08,1.65E+08,2.05E+08,0,0,0,0,-2.21E+08,-1.53E+08,-2.12E+08,-2.96E+08,3.69E+08,1.73E+08,1.60E+08,2.25E+08,2.54E+08,3.09E+08,2.19E+08,2.88E+08,2.04E+08,3.92E+08,2.88E+08,5.18E+08,2.53E+08,1.76E+08,2.06E+08,2.12E+08,1.71E+08,4.76E+08,4.86E+08,3.07E+08
Honduras,"Direct investment, excluding exceptional financing",3.10E+08,1.46E+08,1.28E+08,8.27E+07,1.38E+08,2.43E+08,6.92E+07,5.48E+07,2.41E+08,2.84E+08,2.03E+08,2.18E+08,3.37E+08,3.32E+08,1.40E+08,2.32E+08,3.77E+08,2.78E+08,2.49E+08,1.84E+08,3.58E+08,9.21E+08,2.61E+08,1.58E+08,3.65E+08,3.89E+08,2.37E+08,2.78E+08,4.13E+08,3.57E+08,2.92E+08,2.06E+08,2.92E+08,2.55E+08,2.65E+08,1.59E+08,2.72E+08,2.66E+08,2.65E+08,3.31E+08,5.81E+08,3.95E+08,1.21E+08,2.19E+07,4.17E+08,1.98E+08,-7.05E+07,5.00E+07,5.81E+07,3.15E+08,1.86E+08,4.26E+07,2.58E+08,4.86E+08,1.33E+08,1.37E+08,1986316.986,3.64E+08,3.53E+08,1.56E+08,2.13E+08,5.07E+08,2.70E+08,3.95E+08,1.37E+08
Morocco,"Direct investment, excluding exceptional financing",7.00E+08,8.52E+08,-3.21E+08,3.55E+08,1.08E+09,-1.51E+09,7.05E+08,6.81E+08,1.37E+09,6.02E+08,6.72E+08,6.39E+08,6.08E+08,8.65E+08,6.68E+08,5.52E+08,7.56E+08,7.33E+08,9.24E+08,7.24E+08,9.80E+08,7.40E+08,5.87E+08,8.40E+08,1.36E+09,7.47E+08,8.60E+08,7.77E+08,8.69E+08,5.12E+08,6.82E+08,1.87E+08,7.73E+08,5.70E+08,9.65E+08,4.60E+08,6.85E+08,6.21E+08,4.44E+08,9.72E+08,1.51E+09,4.78E+08,5.21E+08,6.41E+08,8.10E+07,4.20E+08,3.48E+08,2.43E+08,4.08E+08,3.12E+08,7.16E+08,5.27E+08,7.10E+08,4.37E+08,1.27E+09,3.93E+08,1.90E+08,2914613.401,3.00E+08,3.64E+08,3.93E+08,5.58E+08,4.92E+08,5.63E+08,2.59E+07
"Croatia, Republic of","Direct investment, excluding exceptional financing",2.34E+09,2.84E+08,8.61E+08,1.30E+09,6.27E+08,1.16E+09,1.96E+08,5.47E+08,-3.61E+08,3.01E+08,1.97E+08,5.41E+08,2.10E+08,7.23E+07,2.73E+08,3.69E+08,7.51E+08,7.92E+08,6.79E+07,1.09E+08,-1.50E+07,2.77E+08,2.83E+09,4.86E+08,-4.01E+08,4.73E+08,1.15E+08,1.76E+08,-2.75E+08,4.31E+08,1.23E+08,7.62E+08,2.59E+08,4.81E+08,1.75E+08,7.22E+08,4.42E+08,7.10E+08,6.21E+08,2.31E+08,8.33E+07,5.17E+08,2.65E+09,6.59E+08,1.51E+08,5.72E+08,3.29E+08,5.26E+08,4.41E+07,1.04E+09,1.27E+09,1.90E+09,9.02E+08,1.19E+09,8.01E+08,1.22E+09,7.20E+08,1.29E+09,2.81E+08,1.72E+09,5.48E+07,1.14E+09,9.48E+08,1.60E+09,9.72E+08
Paraguay,"Direct investment, excluding exceptional financing",-6.13E+07,-1.22E+08,9.74E+07,1.23E+08,7.02E+07,3.32E+08,3.58E+07,2.10E+08,1.53E+08,1.73E+08,2.63E+08,4.42E+07,1.46E+08,5.17E+08,8.47E+07,3.49E+07,1.85E+08,2.12E+08,-1.98E+07,1.38E+08,6.51E+07,3.90E+08,2.37E+08,1.47E+08,2.01E+08,4.62E+08,8.29E+07,5.56E+07,1.08E+08,4.86E+08,1.02E+08,2.34E+08,-2.22E+07,2.73E+08,1.34E+08,5.34E+07,1.47E+08,4.76E+07,5.79E+07,1.09E+08,3.13E+07,3.98E+08,4.79E+07,1.15E+08,-1.31E+08,3.16E+08,2.92E+08,-3.21E+08,3.93E+07,-7195118.319,5.52E+07,1.81E+08,1.29E+08,5.10E+08,1.51E+08,6.41E+07,1.90E+07,7.52E+07,1.45E+08,1.61E+08,1.95E+08,1.28E+08,-1.99E+07,2.87E+07,2.63E+08
Namibia,"Direct investment, excluding exceptional financing",7.72E+07,2.05E+08,3.05E+08,1.09E+08,2.10E+08,-4.69E+07,1.67E+08,3.82E+07,1.29E+08,1.42E+08,1.00E+08,3.63E+08,1.98E+08,1.70E+08,2.24E+08,3.89E+07,6.08E+08,2.58E+08,3.37E+08,1.98E+08,-1.57E+07,-3978839.62,2.23E+08,1.49E+08,7.71E+07,1.09E+08,6.42E+07,1.81E+08,4.84E+08,7.53E+07,6.21E+07,1.66E+08,5.54E+07,405797.7491,1.01E+08,1.17E+08,6.19E+07,1.45E+08,1.45E+08,6.70E+07,-1.23E+08,3.87E+07,-1.13E+08,-4.64E+07,-5.55E+07,-4.32E+07,-2888615.324,-5.41E+07,-4.99E+07,1.46E+08,1.64E+08,1.19E+08,4.11E+08,1.82E+08,2.08E+08,3.55E+08,3.12E+08,4.27E+08,5.49E+08,5.19E+08,7.99E+08,6.50E+08,4.03E+08,3.03E+08,6.08E+08
Samoa,"Direct investment, excluding exceptional financing",3.35E+07,1077525.056,1994550.538,3395671.202,3400369.711,-3286659.164,1022158.648,4126074.384,-1525138.799,-1051262.616,6927043.096,9027356.282,288350.8115,6138347.3,3958482.341,1.08E+07,-32000.31383,1173610.367,2502133.136,1.01E+07,1601.307346,3758347.48,2703284.094,1.08E+07,5573673.362,7604983.061,7146981.856,1.02E+07,1946764.365,216097.9948,3116773.585,-1412314.116,600116.0473,-363677.5699,2178541.591,6549775.71,850732.0564,5017784.197,3309642.016,5088200.11,3297824.542,-1019707.194,-1340315.711,-1788655.248,1969862.601,1948679.501,-2916728.903,2479647.707,2914483.71,2628981.974,987604.7377,-280905.3943,5613243.337,3505970.818,-3114046.968,1008369.817,3400161.798,4065710.994,1269694.738,-2277047.473,-662443.2832,-986037.4263,-3768398.524,3725346.334,4770106.116
El Salvador,"Direct investment, excluding exceptional financing",3.31E+08,-1.93E+08,6.51E+07,1.44E+08,3.52E+08,-1.21E+08,1.12E+07,-1.32E+08,1.29E+08,1.24E+08,-3.68E+07,7.16E+07,-3.65E+07,1.66E+08,1.67E+08,6.36E+07,3.37E+07,-2.95E+07,1.86E+08,1.83E+08,-9.41E+07,3.43E+07,2.61E+07,2.56E+08,1.90E+08,5.71E+07,1.50E+08,1.72E+08,1.16E+08,1.33E+08,7.48E+07,2.94E+08,-2.21E+07,-3.93E+08,2.44E+08,1.40E+08,5.13E+08,4.03E+08,1.80E+08,9.85E+07,-2.69E+08,3.33E+08,1.35E+08,5.39E+07,1.74E+08,5.81E+07,2.42E+08,5.21E+07,3.40E+07,3.44E+08,3.31E+08,2.25E+08,-9.88E+07,-9.78E+07,-1.60E+08,2.08E+08,7.61E+07,2.71E+08,1.01E+08,3.52E+08,-8.13E+07,2.42E+08,1.34E+08,3.83E+08,1.65E+08
Guatemala,"Direct investment, excluding exceptional financing",1.87E+08,1.25E+08,1.20E+08,1.22E+08,1.33E+08,2.85E+08,2.50E+08,2.96E+08,2.71E+08,2.74E+08,2.48E+08,1.70E+08,1.85E+08,4.39E+08,3.66E+08,2.65E+08,3.30E+08,4.20E+08,4.04E+08,3.71E+08,3.27E+08,3.72E+08,3.71E+08,3.45E+08,3.21E+08,2.76E+08,2.02E+08,2.60E+08,4.66E+08,1.99E+08,2.14E+08,2.25E+08,2.07E+08,2.65E+08,2.07E+08,2.37E+08,2.89E+08,2.27E+08,1.82E+08,1.42E+08,3.71E+08,3.37E+08,2.29E+08,2.74E+08,3.31E+08,3.19E+08,1.75E+08,2.68E+08,2.42E+08,3.14E+08,2.39E+08,3.88E+08,2.69E+09,3.42E+08,4.43E+08,3.61E+08,3.04E+08,4.18E+08,3.90E+08,4.91E+08,3.51E+08,4.81E+08,4.16E+08,3.89E+08,5.42E+08
Bolivia,"Direct investment, excluding exceptional financing",9.22E+07,1.33E+08,4.06E+07,1.04E+08,1.46E+08,2.72E+07,1.67E+08,2.56E+08,1.72E+08,2.01E+08,1.76E+08,3.91E+08,9.14E+07,3.36E+08,2.92E+08,3.88E+08,4.32E+07,3.40E+08,5.23E+08,4.82E+08,4.04E+08,3.15E+08,4.12E+08,-1.59E+07,-5.46E+07,3.64E+08,3.53E+08,-1.61E+08,-746188.387,7.99E+07,2.35E+08,9.86E+07,-7.81E+07,1.51E+08,1.46E+08,2.43E+08,1.72E+08,-2.54E+07,1.91E+08,-1.03E+08,2.39E+08,-5.17E+07,-9.08E+07,-8.75E+07,1.33E+07,-9.75E+07,-1.28E+08,-5.04E+08,-4.00E+08,1.72E+08,9.07E+07,1.30E+08,1.91E+08,1.18E+08,-1.29E+07,-2.83E+08,1.84E+08,2.41E+07,-1.15E+08,4.56E+07,2.86E+08,2.66E+07,5.94E+07,2.21E+08,7.83E+07
Mongolia,"Direct investment, excluding exceptional financing",1.60E+08,1.22E+08,5.70E+07,1.56E+08,2.89E+08,2.05E+08,4.30E+08,4.68E+08,5.88E+08,9.98E+08,1.23E+09,9.93E+08,1.35E+09,1.08E+09,1.37E+09,1.48E+09,3.50E+08,8.42E+08,4.06E+08,3.73E+08,4.39E+08,2.77E+08,6.21E+07,1.55E+08,-1.57E+08,-1.11E+08,5.95E+07,-2.84E+07,1.75E+08,2.16E+08,-4.53E+09,5.68E+07,1.03E+08,1.41E+08,3.99E+08,4.63E+08,4.91E+08,4.65E+08,4.28E+08,4.27E+08,6.32E+08,4.91E+08,5.89E+08,5.10E+08,8.53E+08,3.79E+08,5.63E+08,3.22E+08,4.55E+08,6.05E+08,4.02E+08,5.48E+08,6.18E+08,4.06E+08,1.53E+08,5.25E+08,1.42E+09,3.18E+08,5.46E+08,5.61E+08,8.23E+08,7.05E+08,8.87E+08,5.79E+08,6.11E+08
Bangladesh,"Direct investment, excluding exceptional financing",3.39E+08,2.64E+08,2.63E+08,1.87E+08,1.87E+08,4.20E+08,4.19E+08,1.98E+08,1.95E+08,2.59E+08,2.52E+08,3.83E+08,3.70E+08,3.23E+08,3.27E+08,4.66E+08,4.69E+08,7.18E+08,7.29E+08,5.78E+08,5.78E+08,6.94E+08,5.64E+08,6.01E+08,6.81E+08,9.37E+08,7.55E+08,5.98E+08,5.41E+08,4.11E+08,4.54E+08,6.14E+08,8.54E+08,4.96E+08,4.91E+08,3.01E+08,5.22E+08,3.80E+08,7.08E+08,6.04E+08,7.30E+08,8.74E+08,4.42E+08,1.65E+08,4.26E+08,4.36E+08,2.47E+08,2.29E+08,6.13E+08,3.16E+08,2.50E+08,4.11E+08,7.47E+08,5.28E+08,1.92E+08,5.10E+08,4.05E+08,3.02E+08,4.50E+08,3.17E+08,3.16E+08,3.84E+08,5.52E+08,4.04E+08,1.68E+08
Ecuador,"Direct investment, excluding exceptional financing",2.13E+08,1.47E+08,2.04E+08,1.19E+08,-1.62E+08,-1.75E+08,2.12E+08,1.59E+08,-3.09E+07,1.93E+08,1.60E+08,6.74E+07,2.26E+08,1.10E+08,1.81E+08,8.61E+07,1.91E+08,1.14E+08,2.82E+08,1.16E+08,2.15E+08,1.37E+08,1.61E+08,1.45E+08,3.30E+08,1.83E+08,9.68E+07,2.59E+08,7.83E+08,2.00E+08,1.37E+08,1.27E+08,3.02E+08,1.84E+08,1.87E+08,1.60E+08,1.00E+08,3.32E+08,2.22E+08,2.31E+08,6.05E+08,2.09E+08,2.81E+08,1.52E+08,3.37E+08,2.80E+08,1.77E+08,5.45E+08,1.17E+08,2.51E+08,1.38E+08,1.56E+08,1.05E+08,1.37E+08,6.78E+08,8.79E+07,-2.15E+07,9.91E+07,1.09E+08,1.65E+08,1.08E+08,1.09E+08,4.80E+07,9.27E+07,6.78E+07
"Hong Kong Special Administrative Region, People's Republic of China","Direct investment, excluding exceptional financing",1.64E+10,8.91E+09,1.14E+10,1.11E+10,2.29E+10,2.70E+10,1.56E+10,2.83E+10,1.18E+10,2.70E+10,2.75E+10,1.73E+10,2.43E+10,2.60E+10,1.38E+10,1.62E+10,1.89E+10,1.98E+10,1.47E+10,2.59E+10,1.64E+10,2.65E+10,2.70E+10,4.60E+10,3.03E+10,7.59E+10,6.19E+10,1.34E+10,2.97E+10,1.92E+10,2.59E+10,4.75E+10,4.07E+10,2.68E+10,4.31E+10,1.66E+10,3.92E+10,3.41E+10,1.62E+10,2.54E+10,2.13E+10,2.63E+10,-1.63E+10,1.92E+10,2.90E+10,2.86E+10,2.01E+10,3.88E+10,2.99E+10,5.02E+10,2.98E+10,2.24E+10,3.49E+10,3.90E+10,3.35E+10,2.32E+10,2.68E+10,3.06E+10,2.70E+10,2.04E+10,4.40E+10,2.90E+10,3.22E+10,2.70E+10,2.88E+10
Pakistan,"Direct investment, excluding exceptional financing",1.23E+09,6.91E+08,6.78E+08,4.29E+08,5.40E+08,5.35E+08,6.47E+08,3.98E+08,4.42E+08,3.17E+08,4.78E+08,2.63E+08,2.68E+08,6.80E+07,2.22E+08,1.25E+08,4.44E+08,6.20E+07,8.25E+08,2.40E+08,2.06E+08,2.95E+08,9.59E+08,2.05E+08,4.28E+08,2.29E+08,1.71E+08,5.15E+08,7.58E+08,5.19E+08,6.01E+08,4.45E+08,1.01E+09,3.99E+08,5.51E+08,8.91E+08,6.55E+08,5.46E+08,6.90E+08,3.87E+08,1.14E+08,4.04E+08,4.57E+08,5.46E+08,8.27E+08,7.78E+08,4.47E+08,3.85E+08,4.47E+08,4.78E+08,5.09E+08,5.15E+08,6.45E+08,1.93E+08,5.83E+08,3.81E+08,3.05E+08,5.31E+08,4.10E+08,5.20E+08,5.87E+08,3.34E+08,9.05E+08,8.96E+08,5.91E+08
"Netherlands, The","Direct investment, excluding exceptional financing",-7.31E+10,8.63E+10,3.26E+10,4.31E+10,4.12E+10,-7.81E+10,9.75E+10,5.38E+10,-1.81E+10,1.78E+11,5.81E+10,2.77E+10,9.23E+10,8.71E+10,9.04E+10,1.15E+11,-3.08E+10,8.02E+10,7.29E+10,5.58E+10,1.15E+11,1.11E+10,5.35E+10,8.96E+10,-1.01E+10,8.38E+09,1.07E+11,1.92E+11,6.77E+10,5.21E+10,3.20E+10,1.44E+11,4.92E+10,1.10E+11,3.27E+10,9.42E+10,-3.56E+10,-4.34E+08,7.71E+10,-1.31E+11,-2.30E+11,2.29E+10,-3.09E+10,4.44E+10,-1.64E+11,-5.95E+10,-4.61E+10,2.28E+10,-1.38E+11,3.25E+10,1.19E+10,-6.54E+10,-9.48E+10,2.26E+10,7.98E+10,-4.59E+10,-4.11E+10,-6.04E+08,3.00E+10,-2.15E+10,-3.51E+11,-3.15E+09,-1.06E+10,1.81E+10,-2.14E+10
Kuwait,"Direct investment, excluding exceptional financing",,,,,,,,,,,,,,,,,,,,,,,,,,1.48E+08,1.32E+08,1.13E+07,-6830883.742,-6.47E+07,2.54E+08,-4.18E+07,1.45E+08,-4.20E+07,5.91E+07,8.89E+07,7011403.576,1.03E+08,6.01E+07,-8.89E+07,-9.56E+07,-8.03E+07,3.59E+08,2.32E+08,4779775.961,-4.14E+08,1.11E+08,1.24E+08,-3.80E+08,1.04E+07,4.37E+07,-3.72E+08,4.54E+07,-6.54E+07,7516372.404,3.73E+08,4.38E+08,9.36E+08,4.46E+08,1.96E+08,5.37E+08,1.29E+08,2.25E+08,2.54E+08,7177728.134
Botswana,"Direct investment, excluding exceptional financing",,,,,,,,,,,,,,,,,,,,,,,,,,,,,,,,,,,,,,,,,,,,,,6480789.401,8983171.271,5965464.331,1.04E+07,-8.05E+07,-8.20E+07,-7.98E+07,-7.68E+07,1.89E+08,1.82E+08,1.71E+08,1.67E+08,1.42E+08,2.22E+08,1.42E+08,2.35E+08,9.16E+07,1.37E+08,8.95E+07,1.49E+08
Mauritius,"Direct investment, excluding exceptional financing",1.26E+08,7.68E+07,6.06E+07,5.57E+07,6.34E+07,5.27E+09,5.35E+09,9.54E+09,1.41E+10,1.25E+10,1.68E+10,1.59E+10,1.48E+10,7.73E+09,7.27E+09,5.80E+09,6.36E+09,-1.64E+09,-1.45E+09,-1.25E+09,-1.16E+09,7.88E+09,6.60E+09,5.36E+09,7.17E+09,4.64E+09,4.20E+09,3.08E+09,3.14E+09,2.91E+08,2.80E+08,3.24E+08,2.83E+08,6.27E+09,5.67E+09,5.09E+09,5.95E+09,3.78E+09,2.89E+09,3.34E+09,3.34E+09,-3.48E+08,-4.37E+08,-3.79E+08,-4.81E+08,-1.05E+10,-5.89E+09,2.96E+09,3.34E+09,1.26E+09,5.96E+09,3.03E+09,3.49E+09,1.01E+09,3.78E+08,-4.94E+07,1.71E+09,2.11E+09,2.27E+09,2.50E+09,2.48E+09,1.91E+09,2.55E+09,2.24E+09,2.24E+09
Brazil,"Direct investment, excluding exceptional financing",1.50E+10,5.67E+09,8.23E+09,7.58E+09,1.00E+10,1.41E+10,1.21E+10,2.15E+10,3.47E+10,2.58E+10,2.54E+10,2.66E+10,2.46E+10,2.94E+10,1.70E+10,2.21E+10,2.40E+10,1.47E+10,2.97E+10,1.24E+10,1.84E+10,2.12E+10,2.06E+10,2.55E+10,2.04E+10,1.04E+10,1.49E+10,1.65E+10,2.29E+10,1.85E+10,1.67E+10,1.23E+10,2.68E+10,2.41E+10,1.13E+10,1.80E+10,1.55E+10,2.12E+10,1.04E+10,2.08E+10,2.58E+10,1.30E+10,1.40E+10,2.23E+10,1.98E+10,1.31E+10,8.39E+09,9.72E+09,7.05E+09,2.15E+10,5.26E+09,1.65E+10,3.23E+09,2.04E+10,1.76E+10,2.61E+10,1.05E+10,2.30E+10,1.23E+10,1.94E+10,7.75E+09,2.46E+10,1.32E+10,1.78E+10,1.54E+10
"Azerbaijan, Republic of","Direct investment, excluding exceptional financing",1.02E+09,7.61E+08,7.58E+08,5.87E+08,7.94E+08,7.05E+08,7.57E+08,8.12E+08,1.08E+09,8.30E+08,1.18E+09,1.13E+09,1.34E+09,1.16E+09,1.34E+09,1.48E+09,1.32E+09,5.79E+08,6.76E+08,7.14E+08,6.50E+08,9.58E+08,1.13E+09,1.09E+09,1.25E+09,1.02E+09,1.13E+09,1.08E+09,8.22E+08,8.64E+08,1.28E+09,1.20E+09,1.16E+09,9.41E+08,7.45E+08,7.14E+08,4.69E+08,5.79E+08,2.12E+08,1.93E+08,4.19E+08,5.19E+08,2.60E+08,-2.42E+07,7.49E+08,6.40E+08,6.17E+07,-5.77E+08,3.83E+08,5.72E+08,-4.31E+07,-6.92E+08,-1.54E+09,-5.78E+08,-1.01E+09,-1.62E+09,-1.27E+09,-1.56E+08,-6.15E+07,-4.96E+07,5.20E+08,9.77E+07,-1.54E+07,1.40E+08,9128000
Greece,"Direct investment, excluding exceptional financing",9.65E+08,4.05E+08,1.53E+09,9.04E+08,-7.63E+07,7.28E+08,-2.50E+08,-1.48E+08,2.03E+08,-6.02E+08,-3.82E+08,-1.80E+07,2.09E+09,-8.46E+08,2.83E+07,2.19E+09,2.88E+08,1.24E+08,3.71E+08,5.35E+07,2.40E+09,5.92E+08,1.09E+09,3.07E+08,7.11E+08,2.17E+08,4.47E+08,1.96E+08,4.09E+08,3.63E+08,3.35E+08,8.77E+08,1.12E+09,1.15E+09,9.20E+08,5.86E+08,7.83E+08,1.05E+09,1.43E+09,6.09E+08,9.37E+08,9.09E+08,1.41E+09,9.10E+08,1.77E+09,9.84E+08,7.41E+08,7.19E+08,8.60E+08,1.00E+09,2.26E+09,1.31E+09,1.57E+09,3.19E+09,2.33E+09,1.32E+09,1.11E+09,1.06E+09,1.44E+09,1.47E+09,7.48E+08,1.19E+09,9.47E+08,1.25E+09,3.07E+09
Nepal,"Direct investment, excluding exceptional financing",868904.9459,1.60E+07,9606520.257,8143985.17,4473133.422,9992480.808,1.58E+07,2355138.221,5.96E+07,1.58E+07,1.17E+07,3.05E+07,3.60E+07,2.15E+07,2.79E+07,2.30E+07,1.95E+07,2.46E+07,3.66E+07,7975900.991,5006862.547,5852325.808,1.39E+07,9494413.625,1161713.422,1.86E+07,1.47E+07,1.08E+07,7692265.45,2.10E+07,1.62E+07,4.68E+07,2.21E+07,3.40E+07,2.35E+07,5.91E+07,7.97E+07,685681.2248,2.93E+07,1.65E+07,2.18E+07,2.42E+07,5.37E+07,3.56E+07,7.21E+07,3.73E+07,2.48E+07,2.44E+07,4.01E+07,4.01E+07,6.09E+07,4.28E+07,5.25E+07,1.37E+08,1.51E+08,638744.7013,6326601.267,2.15E+07,4.69E+07,2.55E+07,3.40E+07,4.88E+07,6.30E+07,1.59E+07,2.77E+07
Curaçao and Sint Maarten,"Direct investment, excluding exceptional financing",,,,,,,,,7065363.128,2.18E+07,2.57E+07,2.50E+07,-5.04E+07,3.07E+07,1.56E+07,2.98E+07,7122905.028,-1.36E+07,3.49E+07,3.77E+07,-1.31E+07,5.96E+07,4.56E+07,8.25E+07,-7.07E+07,2.47E+07,4.37E+07,7.59E+07,2.99E+07,3.02E+07,3.22E+07,8.30E+07,2.92E+07,8.63E+07,4.88E+07,3.92E+07,6.27E+07,1.75E+07,3392119.587,9.48E+07,-3.67E+07,1.80E+08,1.80E+07,4.01E+07,3.89E+07,4.14E+07,3353417.48,8.59E+07,4.72E+07,1.74E+07,7.06E+07,7.58E+07,3.40E+07,2.72E+07,4.70E+07,5.30E+07,5.51E+07,3.75E+07,4.56E+07,5.38E+07,4.58E+07,4.38E+07,7.73E+07,5.91E+07,6.40E+07
Jamaica,"Direct investment, excluding exceptional financing",,,,,,,,,,,,,,1.18E+08,1.25E+08,1.01E+08,6.87E+07,1.08E+08,1.56E+08,1.45E+08,1.36E+08,1.39E+08,1.58E+08,1.43E+08,1.42E+08,2.15E+08,2.06E+08,2.74E+08,2.30E+08,2.66E+08,2.24E+08,2.47E+08,1.90E+08,1.96E+08,1.86E+08,2.41E+08,2.67E+08,2.44E+08,1.67E+08,1.77E+08,1.87E+08,1.97E+08,1.51E+08,1.69E+08,1.48E+08,1.02E+08,8.99E+07,2.21E+07,5.06E+07,5.58E+07,5.94E+07,1.18E+08,8.69E+07,1.01E+08,6.90E+07,1.00E+08,4.91E+07,1.20E+08,1.66E+08,1.05E+08,9.99E+07,1.08E+08,6.46E+07,6.47E+07,6.77E+07
Nicaragua,"Direct investment, excluding exceptional financing",1.71E+08,1.27E+08,1.06E+08,5.89E+07,1.42E+08,1.06E+08,1.01E+08,1.16E+08,1.67E+08,1.64E+08,3.49E+08,2.17E+08,2.06E+08,2.55E+08,1.96E+08,1.83E+08,1.42E+08,2.41E+08,1.82E+08,2.54E+08,2.88E+08,1.86E+08,2.04E+08,2.79E+08,4.09E+08,2.27E+08,2.23E+08,2.31E+08,2.87E+08,2.83E+08,3.45E+08,2.80E+08,8.10E+07,2.23E+08,3.27E+08,2.75E+08,2.11E+08,2.86E+08,2.68E+08,7.83E+07,2.05E+08,2.55E+08,2.07E+07,8.48E+07,1.43E+08,1.68E+08,1.70E+08,1.75E+08,2.33E+08,3.86E+08,1.86E+08,2.34E+08,2.41E+08,5.30E+08,3.50E+08,1.58E+08,2.50E+08,4.63E+08,3.27E+08,1.65E+08,1.59E+08,4.27E+08,3.62E+08,2.38E+08,3.25E+08
Cambodia,"Direct investment, excluding exceptional financing",1.33E+08,2.01E+08,2.19E+08,2.54E+08,2.54E+08,2.91E+08,3.33E+08,3.59E+08,4.22E+08,3.27E+08,3.60E+08,3.93E+08,4.58E+08,5.53E+08,4.78E+08,4.83E+08,4.74E+08,4.74E+08,5.16E+08,5.78E+08,5.00E+08,4.57E+08,5.29E+08,4.72E+08,3.96E+08,4.54E+08,5.25E+08,4.78E+08,3.66E+08,5.27E+08,5.51E+08,7.05E+08,6.92E+08,7.57E+08,5.99E+08,6.58E+08,7.73E+08,8.51E+08,8.44E+08,7.85E+08,7.33E+08,9.22E+08,9.32E+08,8.97E+08,9.12E+08,9.60E+08,7.92E+08,7.30E+08,1.14E+09,8.00E+08,8.33E+08,9.96E+08,8.54E+08,8.01E+08,8.39E+08,1.01E+09,9.31E+08,1.12E+09,9.76E+08,8.55E+08,1.01E+09,9.68E+08,8.36E+08,1.33E+09,1.26E+09
Chile,"Direct investment, excluding exceptional financing",5.17E+09,3.65E+09,1.27E+09,3.10E+09,4.73E+09,5.13E+09,1.81E+09,5.49E+09,2.41E+09,6.84E+09,2.17E+09,4.73E+09,1.26E+10,4.66E+09,8.17E+09,6.94E+09,1.20E+10,7.67E+09,5.01E+08,6.41E+09,6.55E+09,5.64E+09,4.46E+09,7.49E+09,7.94E+09,2.31E+09,3.15E+09,9.80E+09,2.51E+09,4.00E+09,2.82E+09,2.87E+09,1.67E+09,2.25E+09,-7.35E+08,2.00E+09,1.72E+09,6.17E+09,-1.73E+09,2.68E+09,8.13E+08,2.47E+09,4.43E+09,4.87E+09,1.81E+09,6.74E+09,2.71E+09,1.24E+09,7.62E+08,9.46E+09,4.88E+09,4.06E+09,-3.23E+09,5.35E+09,5.96E+09,3.14E+09,4.32E+09,4.20E+09,6.38E+09,6.44E+09,1.37E+09,4.41E+09,3.40E+09,2.78E+09,1.94E+09
"Serbia, Republic of","Direct investment, excluding exceptional financing",4.60E+08,8.51E+08,5.19E+08,4.81E+08,1.08E+09,2.30E+08,2.23E+08,6.14E+08,6.27E+08,1.10E+09,9.96E+08,1.60E+09,1.23E+09,-6.19E+08,6.74E+08,4.86E+08,7.34E+08,3.24E+08,4.15E+08,7.21E+08,5.99E+08,4.45E+08,6.80E+08,4.40E+08,4.34E+08,4.56E+08,5.82E+08,6.60E+08,6.45E+08,5.88E+08,5.91E+08,6.45E+08,5.31E+08,5.19E+08,7.11E+08,9.02E+08,7.63E+08,9.32E+08,8.63E+08,7.93E+08,1.48E+09,8.89E+08,1.21E+09,1.03E+09,1.14E+09,8.90E+08,7.08E+08,3.73E+08,1.51E+09,1.28E+09,1.02E+09,1.29E+09,1.01E+09,7.02E+08,1.06E+09,1.37E+09,1.47E+09,9.14E+08,1.44E+09,1.15E+09,1.43E+09,1.54E+09,1.26E+09,1.32E+09,1.51E+09
